NO,DPRTM_CHRG,CORP_NM,ADDRESS,TRGT_YEAR,DSGN_CLSF,DSGN_INDS,GHG_EMS,GHG_UNIT,GHG_EMS_BU,GHG_EMS_BU_UNIT,ENG_CNSM,ENG_UNIT,ENG_CNSM_BU,ENG_CNSM_BU_UNIT,VRFCT_AGNCY,TST
1,환경부,(유)에스케이씨에보닉페록사이드코리아,울산광역시,2019,사업장,석유화학,"53,909",tCO₂eq,-,-,"1,124",TJ,-,-,(재)한국품질재단,-
2,국토교통부,(유)호남고속,전라북도,2019,사업장,교통(여객),"24,809",tCO₂eq,-,-,384,TJ,-,-,(주)한국경영인증원,-
3,환경부,(주)HJ매그놀리아용평호텔앤리조트,강원도,2019,사업장,건물,"32,955",tCO₂eq,-,-,653,TJ,-,-,(재)한국품질재단,-
4,환경부,(주)HM금속,경상남도,2019,사업장,산업,"37,628",tCO₂eq,-,-,654,TJ,-,-,한국표준협회,-
5,농림축산식품부,(주)MH에탄올,경상남도,2019,사업장,음료제조업,"10,062",tCO₂eq,-,-,293,TJ,-,-,(재)한국화학융합시험연구원,-
6,환경부,(주)MSC,경상남도,2019,사업장,음식료품,"27,775",tCO₂eq,-,-,555,TJ,-,-,한국가스안전공사,-
7,환경부,(주)SIMPAC,인천광역시,2019,업체,산업,"463,352",tCO₂eq,118.21,tCO2eq/억원,"5,067",TJ,1.29,TJ/억원,한국표준협회,"391,970,769,000"
8,환경부,(주)강원랜드,강원도,2019,사업장,건물,"83,321",tCO₂eq,-,-,"1,686",TJ,-,-,한국표준협회,-
9,환경부,(주)건화,경상남도,2019,사업장,조선,"30,632",tCO₂eq,-,-,534,TJ,-,-,한국표준협회,-
10,국토교통부,(주)경기고속,경기도,2019,업체,교통(여객),"166,441",tCO₂eq,55.04,tCO2eq/억원,"2,550",TJ,0.84,TJ/억원,산림조합중앙회,"302,392,320,220"
11,국토교통부,(주)경남고속,부산광역시,2019,사업장,교통(여객),"26,528",tCO₂eq,-,-,375,TJ,-,-,(주)한국경영인증원,-
12,환경부,(주)경동,강원도,2019,업체,광업,"224,595",tCO₂eq,190.31,tCO2eq/억원,396,TJ,0.34,TJ/억원,(재)한국품질재단,"118,015,120,445"
13,산업통상자원부,(주)경동원,충청남도,2019,사업장,기계,"16,145",tCO₂eq,-,-,322,TJ,-,-,한국표준협회,-
14,산업통상자원부,(주)경방,서울특별시,2019,업체,섬유,"34,321",tCO₂eq,13.54,tCO2eq/억원,695,TJ,0.27,TJ/억원,한국생산성본부인증원(주),"253,552,382,000"
15,산업통상자원부,(주)경보제약,충청남도,2019,사업장,석유화학,"19,472",tCO₂eq,-,-,319,TJ,-,-,한국표준협회,-
16,산업통상자원부,(주)경신전선,충청남도,2019,사업장,반도체.디스플레이.전기전자,"15,862",tCO₂eq,-,-,324,TJ,-,-,한국표준협회,-
17,국토교통부,(주)공항리무진,서울특별시,2019,사업장,교통(여객),"32,171",tCO₂eq,-,-,456,TJ,-,-,(주)한국경영인증원,-
18,국토교통부,(주)국민은행,서울특별시,2019,업체,건물,"110,408",tCO₂eq,0.52,tCO2eq/억원,"1,661",TJ,0.01,TJ/억원,한국표준협회,"21,195,065,000,000"
19,산업통상자원부,(주)국일방적 정읍공장,전라북도,2019,사업장,섬유,"13,493",tCO₂eq,-,-,277,TJ,-,-,대일이엔씨기술(주),-
20,환경부,(주)그린스코,인천광역시,2019,사업장,폐기물,"47,279",tCO₂eq,-,-,108,TJ,-,-,(주)한국경영인증원,-
21,국토교통부,(주)금남고속,대전광역시,2019,사업장,교통(여객),"36,504",tCO₂eq,-,-,517,TJ,-,-,(주)한국경영인증원,-
22,환경부,(주)금비,경기도,2019,사업장,유리,"82,482",tCO₂eq,-,-,"1,200",TJ,-,-,한국표준협회,-
587,환경부,쌍용머티리얼(주),-,2019,사업장,자동차,"38,475",tCO₂eq,-,-,770,TJ,-,-,(재)한국품질재단,-
24,해양수산부,(주)남해고속,전라남도,2019,사업장,교통(해운),"22,361",tCO₂eq,-,-,317,TJ,-,-,㈜한국품질보증원,-
25,산업통상자원부,(주)네오오토 예산공장,충남,2019,사업장,자동차,"17,008",tCO₂eq,-,-,347,TJ,-,-,(주)한국경영인증원,-
26,산업통상자원부,(주)넥센,경상남도,2019,사업장,석유화학,"17,601",tCO₂eq,-,-,322,TJ,-,-,한국표준협회,-
27,국토교통부,(주)농협물류,서울특별시,2019,사업장,교통(화물),"29,178",tCO₂eq,-,-,413,TJ,-,-,한국표준협회,-
28,농림축산식품부,(주)농협사료,서울특별시,2019,업체,식료품 제조업,"83,394",tCO₂eq,6.41,tCO2eq/억원,"1,676",TJ,0.13,TJ/억원,(재)한국품질재단,"1,300,794,480,252"
29,환경부,(주)단석산업,전라북도,2019,사업장,비철금속,"51,233",tCO₂eq,-,-,778,TJ,-,-,한국표준협회,-
30,산업통상자원부,(주)대농 청원공장,충청북도,2019,사업장,섬유,"17,133",tCO₂eq,-,-,352,TJ,-,-,지속가능인증원주식회사,-
31,산업통상자원부,(주)대동세라믹,세종특별자치시,2019,사업장,유리 · 요업,"27,908",tCO₂eq,-,-,549,TJ,-,-,이큐에이㈜,-
32,환경부,(주)대림제지,경기도,2019,사업장,제지,"102,123",tCO₂eq,-,-,"1,624",TJ,-,-,이큐에이㈜,-
33,국토교통부,(주)대명티피앤이,강원도,2019,사업장,건물,"15,241",tCO₂eq,-,-,305,TJ,-,-,(주)한국경영인증원,-
34,산업통상자원부,(주)대승프론티어,충청남도,2019,사업장,유리 · 요업,"23,245",tCO₂eq,-,-,432,TJ,-,-,한국표준협회,-
35,국토교통부,(주)대우건설,서울특별시,2019,업체,건설,"66,199",tCO₂eq,0.82,tCO2eq/억원,"1,323",TJ,0.02,TJ/억원,한국표준협회,"8,091,938,554,000"
36,산업통상자원부,(주)대욱케스트,경상북도,2019,사업장,철강,"19,939",tCO₂eq,-,-,364,TJ,-,-,이큐에이㈜,-
37,국토교통부,(주)대원고속,경기도,2019,업체,교통(여객),"161,821",tCO₂eq,57.05,tCO2eq/억원,"2,483",TJ,0.88,TJ/억원,산림조합중앙회,"283,636,549,385"
38,국토교통부,(주)대원버스,서울특별시,2019,사업장,교통(여객),"33,005",tCO₂eq,-,-,563,TJ,-,-,산림조합중앙회,-
39,국토교통부,(주)대원여객,서울특별시,2019,사업장,교통(여객),"21,556",tCO₂eq,-,-,406,TJ,-,-,산림조합중앙회,-
40,국토교통부,(주)대원운수,서울특별시,2019,사업장,교통(여객),"38,143",tCO₂eq,-,-,643,TJ,-,-,산림조합중앙회,-
41,환경부,(주)대유코아,서울특별시,2019,사업장,시멘트,"72,757",tCO₂eq,-,-,749,TJ,-,-,한국생산성본부인증원(주),-
42,해양수산부,(주)대저해운,경상북도,2019,사업장,교통(해운),"19,416",tCO₂eq,-,-,278,TJ,-,-,한국표준협회,-
43,산업통상자원부,(주)대천텍스타일,경기도,2019,사업장,섬유,"13,653",tCO₂eq,-,-,257,TJ,-,-,한국표준협회,-
44,산업통상자원부,(주)대호피앤씨 포항공장,경상남도,2019,사업장,철강,"23,709",tCO₂eq,-,-,460,TJ,-,-,한국표준협회,-
45,환경부,(주)대화제지,경기도,2019,사업장,산업,"27,583",tCO₂eq,-,-,553,TJ,-,-,㈜한국품질보증원,-
46,산업통상자원부,(주)동남 서산공장,충청남도,2019,사업장,비철금속,"18,026",tCO₂eq,-,-,266,TJ,-,-,한국표준협회,-
47,산업통상자원부,(주)동남 울산공장,울산광역시,2019,사업장,비철금속,"28,179",tCO₂eq,-,-,408,TJ,-,-,한국표준협회,-
48,국토교통부,(주)동방,서울특별시,2019,업체,교통(화물),"41,914",tCO₂eq,7.26,tCO2eq/억원,603,TJ,0.1,TJ/억원,대일이엔씨기술(주),"577,078,497,000"
49,산업통상자원부,(주)동서기공 당진지점,충청남도,2019,사업장,자동차,"26,781",tCO₂eq,-,-,547,TJ,-,-,한국표준협회,-
50,산업통상자원부,(주)동서기공 시흥,경기도,2019,사업장,비철금속,"13,023",tCO₂eq,-,-,262,TJ,-,-,한국표준협회,-
51,산업통상자원부,(주)동신포리마,충청남도,2019,사업장,석유화학,"27,986",tCO₂eq,-,-,564,TJ,-,-,(주)한국경영인증원,-
52,국토교통부,(주)동양고속,경기도,2019,업체,교통(여객),"67,773",tCO₂eq,48.27,tCO2eq/억원,964,TJ,0.69,TJ/억원,(주)한국경영인증원,"140,415,225,000"
53,산업통상자원부,(주)동양이앤씨,경상북도,2019,사업장,기계,"17,114",tCO₂eq,-,-,336,TJ,-,-,(주)비에스아이그룹코리아,-
54,환경부,(주)동양환경,대전광역시,2019,업체,폐기물,"253,032",tCO₂eq,814.11,tCO2eq/억원,537,TJ,1.73,TJ/억원,(재)한국품질재단,"31,080,717,000"
55,농림축산식품부,(주)동원F&B,서울특별시,2019,업체,식료품 제조업,"73,387",tCO₂eq,4.29,tCO2eq/억원,"1,589",TJ,0.09,TJ/억원,(주)한국경영인증원,"1,709,299,492,000"
56,산업통상자원부,(주)동진쎄미켐,경기도,2019,사업장,석유화학,"20,747",tCO₂eq,-,-,391,TJ,-,-,한국가스안전공사,-
57,산업통상자원부,(주)두산,서울특별시,2019,업체,반도체.디스플레이.전기전자,"84,202",tCO₂eq,5.3,tCO2eq/억원,"1,689",TJ,0.11,TJ/억원,(재)한국품질재단,"1,588,036,127,000"
58,산업통상자원부,(주)디알 액시온 원산공장,울산광역시,2019,사업장,비철금속,"17,288",tCO₂eq,-,-,349,TJ,-,-,(재)한국품질재단,-
59,환경부,(주)디에이피,경기도,2019,사업장,전기전자,"42,799",tCO₂eq,-,-,874,TJ,-,-,한국가스안전공사,-
60,산업통상자원부,(주)디케이씨,경상북도,2019,사업장,철강,"18,493",tCO₂eq,-,-,369,TJ,-,-,한국표준협회,-
61,산업통상자원부,(주)로옴코리아,대전광역시,2019,사업장,반도체.디스플레이.전기전자,"16,238",tCO₂eq,-,-,334,TJ,-,-,㈜한국품질보증원,-
62,환경부,(주)만도,경기도,2019,업체,자동차,"103,541",tCO₂eq,3.12,tCO2eq/억원,"2,131",TJ,0.06,TJ/억원,(주)비에스아이그룹코리아,"3,323,374,073,000"
63,농림축산식품부,(주)면사랑,충청북도,2019,사업장,식료품 제조업,"19,499",tCO₂eq,-,-,435,TJ,-,-,한국표준협회,-
64,환경부,(주)모나리자,전북,2019,사업장,제지,"42,110",tCO₂eq,-,-,753,TJ,-,-,(주)한국경영인증원,-
65,국토교통부,(주)무주덕유산리조트,전라북도,2019,사업장,건물,"19,969",tCO₂eq,-,-,353,TJ,-,-,(주)한국경영인증원,-
66,환경부,(주)미래엔인천에너지,인천광역시,2019,업체,집단에너지,"17,305",tCO₂eq,43.08,tCO2eq/억원,342,TJ,0.85,TJ/억원,(재)한국품질재단,"40,172,952,000"
67,환경부,(주)미래페이퍼,전라북도,2019,사업장,제지,"56,968",tCO₂eq,-,-,719,TJ,-,-,한국표준협회,-
68,환경부,(주)방림,서울특별시,2019,사업장,섬유,"18,387",tCO₂eq,-,-,343,TJ,-,-,한국표준협회,-
69,환경부,(주)벽산,서울특별시,2019,사업장,유리,"85,293",tCO₂eq,-,-,"1,566",TJ,-,-,한국표준협회,-
70,국토교통부,(주)부산롯데호텔,부산광역시,2019,사업장,건물,"13,408",tCO₂eq,-,-,273,TJ,-,-,(주)한국경영인증원,-
71,산업통상자원부,(주)브이샘 인천공장,인천광역시,2019,사업장,시멘트,"12,872",tCO₂eq,-,-,259,TJ,-,-,한국표준협회,-
72,산업통상자원부,(주)비에이치 제2공장,인천광역시,2019,사업장,반도체.디스플레이.전기전자,"15,845",tCO₂eq,-,-,325,TJ,-,-,한국표준협회,-
73,산업통상자원부,(주)비엠금속,경상남도,2019,사업장,철강,"18,293",tCO₂eq,-,-,335,TJ,-,-,이큐에이㈜,-
74,농림축산식품부,(주)빙그레,경기도,2019,업체,식료품 제조업,"58,209",tCO₂eq,6.79,tCO2eq/억원,"1,156",TJ,0.13,TJ/억원,(주)한국경영인증원,"857,206,874,000"
615,환경부,에스엔에프코리아(주) 울산공장,울산광역시,2019,사업장,석유화학,"35,275",tCO₂eq,-,-,710,TJ,-,-,이큐에이㈜,-
76,국토교통부,(주)삼우에프앤지,경기도,2019,사업장,교통(화물),"17,323",tCO₂eq,-,-,272,TJ,-,-,한국표준협회,-
77,환경부,(주)삼원강재,경상북도,2019,사업장,자동차,"27,984",tCO₂eq,-,-,562,TJ,-,-,(재)한국품질재단,-
78,환경부,(주)삼천리,서울특별시,2019,사업장,집단에너지,"61,345",tCO₂eq,-,-,975,TJ,-,-,한국가스안전공사,-
79,산업통상자원부,(주)삼표산업,서울특별시,2019,업체,시멘트,"133,592",tCO₂eq,18.68,tCO2eq/억원,"2,256",TJ,0.32,TJ/억원,(재)한국품질재단,"715,060,913,000"
80,산업통상자원부,(주)삼한씨원,경상북도,2019,사업장,유리 · 요업,"14,393",tCO₂eq,-,-,274,TJ,-,-,한국생산성본부인증원(주),-
81,환경부,(주)삼현,충청북도,2019,사업장,요업,"22,073",tCO₂eq,-,-,406,TJ,-,-,한국표준협회,-
82,국토교통부,(주)삼화고속,인천광역시,2019,사업장,교통(여객),"16,753",tCO₂eq,-,-,238,TJ,-,-,(주)한국경영인증원,-
83,환경부,(주)상공에너지,전라북도,2019,사업장,산업단지,"5,129",tCO₂eq,-,-,"1,179",TJ,-,-,이큐에이㈜,-
84,농림축산식품부,(주)샤니 대구공장,대구광역시,2019,사업장,식료품 제조업,"16,786",tCO₂eq,-,-,338,TJ,-,-,(주)비에스아이그룹코리아,-
85,농림축산식품부,(주)샤니 성남공장,경기도,2019,사업장,식료품 제조업,"20,177",tCO₂eq,-,-,407,TJ,-,-,(주)비에스아이그룹코리아,-
86,환경부,(주)서광하이테크,충청남도,2019,사업장,폐기물,"62,495",tCO₂eq,-,-,180,TJ,-,-,(재)한국품질재단,-
87,산업통상자원부,(주)서원,경기도,2019,사업장,비철금속,"16,245",tCO₂eq,-,-,330,TJ,-,-,한국가스안전공사,-
88,산업통상자원부,(주)서진캠 아산공장,충청남도,2019,사업장,자동차,"14,996",tCO₂eq,-,-,308,TJ,-,-,(주)한국경영인증원,-
89,산업통상자원부,(주)서진캠 평택공장,경기도,2019,사업장,자동차,"16,761",tCO₂eq,-,-,344,TJ,-,-,㈜한국품질보증원,-
90,환경부,(주)서흥,충청북도,2019,사업장,석유화학,"34,146",tCO₂eq,-,-,696,TJ,-,-,한국표준협회,-
91,산업통상자원부,(주)선일다이파스,충청북도,2019,사업장,기계,"17,843",tCO₂eq,-,-,363,TJ,-,-,(주)한국경영인증원,-
92,국토교통부,(주)선진운수,서울특별시,2019,사업장,교통(여객),"27,447",tCO₂eq,-,-,513,TJ,-,-,(재)한국품질재단,-
93,산업통상자원부,(주)성신미네필드,강원도,2019,사업장,시멘트,"16,962",tCO₂eq,-,-,327,TJ,-,-,한국표준협회,-
94,산업통상자원부,(주)성호금속 경주2공장,경상북도,2019,사업장,비철금속,"29,580",tCO₂eq,-,-,528,TJ,-,-,이큐에이㈜,-
95,산업통상자원부,(주)성호금속 영천공장,경상북도,2019,사업장,철강,"18,847",tCO₂eq,-,-,342,TJ,-,-,이큐에이㈜,-
96,산업통상자원부,(주)성호기업,경상북도,2019,사업장,철강,"13,897",tCO₂eq,-,-,275,TJ,-,-,이큐에이㈜,-
97,환경부,(주)세아베스틸,서울특별시,2019,업체,철강,"1,221,403",tCO₂eq,70.29,tCO2eq/억원,"19,115",TJ,1.1,TJ/억원,한국표준협회,"1,737,589,434,000"
98,환경부,(주)세아씨엠,전라북도,2019,사업장,철강,"64,376",tCO₂eq,-,-,"1,295",TJ,-,-,한국표준협회,-
99,국토교통부,(주)세아엘앤에스,경상북도,2019,사업장,교통(화물),"16,597",tCO₂eq,-,-,243,TJ,-,-,한국표준협회,-
100,환경부,(주)세아제강,서울특별시,2019,사업장,산업,"58,506",tCO₂eq,-,-,"1,186",TJ,-,-,한국표준협회,-
101,환경부,(주)세아특수강,경상북도,2019,사업장,철강,"26,816",tCO₂eq,-,-,526,TJ,-,-,한국표준협회,-
102,농림축산식품부,(주)세우,경기도,2019,사업장,식료품 제조업,"17,215",tCO₂eq,-,-,345,TJ,-,-,(재)한국품질재단,-
103,해양수산부,(주)세주,부산광역시,2019,사업장,교통(해운),"29,281",tCO₂eq,-,-,398,TJ,-,-,㈜디엔브이지엘비즈니스어슈어런스코리아,-
104,환경부,(주)소노호텔앤리조트,강원도,2019,사업장,건물,"33,325",tCO₂eq,-,-,670,TJ,-,-,(주)한국경영인증원,-
105,산업통상자원부,(주)스타플렉스,충청북도,2019,사업장,석유화학,"12,579",tCO₂eq,-,-,255,TJ,-,-,이큐에이㈜,-
106,국토교통부,(주)시흥교통,경기도,2019,사업장,교통(여객),"22,849",tCO₂eq,-,-,406,TJ,-,-,한국표준협회,-
107,환경부,(주)신동,강원도,2019,사업장,시멘트,"82,887",tCO₂eq,-,-,271,TJ,-,-,한국표준협회,-
108,환경부,(주)신성이엔지,충청북도,2019,사업장,반도체,"20,247",tCO₂eq,-,-,260,TJ,-,-,로이드인증원㈜,-
109,환경부,(주)신세계,서울특별시,2019,업체,건물,"137,433",tCO₂eq,8.82,tCO2eq/억원,"2,809",TJ,0.18,TJ/억원,㈜한국품질보증원,"1,557,606,955,000"
110,산업통상자원부,(주)신안주철,충청북도,2019,사업장,철강,"23,184",tCO₂eq,-,-,428,TJ,-,-,한국표준협회,-
111,산업통상자원부,(주)신우금속,경상북도,2019,사업장,철강,"17,279",tCO₂eq,-,-,296,TJ,-,-,(재)한국품질재단,-
112,국토교통부,(주)신한은행,서울특별시,2019,업체,건물,"75,866",tCO₂eq,0.37,tCO2eq/억원,"1,180",TJ,0.01,TJ/억원,㈜디엔브이지엘비즈니스어슈어런스코리아,"20,452,272,000,000"
113,환경부,(주)쌍용씨앤비,세종특별자치시,2019,사업장,제지,"67,537",tCO₂eq,-,-,"1,176",TJ,-,-,(주)한국경영인증원,-
114,환경부,(주)씨텍,충청남도,2019,업체,산업단지,"553,372",tCO₂eq,92.72,tCO2eq/억원,"7,481",TJ,1.25,TJ/억원,㈜한국품질보증원,"596,823,881,142"
115,국토교통부,(주)아라리오,충청남도,2019,사업장,건물,"13,532",tCO₂eq,-,-,275,TJ,-,-,(주)한국경영인증원,-
116,환경부,(주)아진피앤피,대구광역시,2019,사업장,제지,"114,548",tCO₂eq,-,-,"1,698",TJ,-,-,한국산업기술시험원,-
117,산업통상자원부,(주)에스아이플렉스,경기도,2019,사업장,반도체.디스플레이.전기전자,"7,467",tCO₂eq,-,-,151,TJ,-,-,(주)한국경영인증원,-
118,국토교통부,(주)에스앤아이코퍼레이션,경기도,2019,사업장,건물,"17,455",tCO₂eq,-,-,352,TJ,-,-,(재)한국품질재단,-
119,산업통상자원부,(주)에스에이씨,울산광역시,2019,사업장,유리 · 요업,"13,309",tCO₂eq,-,-,270,TJ,-,-,(주)한국경영인증원,-
120,산업통상자원부,(주)에스에이치에너지화학,전라북도,2019,사업장,석유화학,"14,365",tCO₂eq,-,-,233,TJ,-,-,㈜한국품질보증원,-
121,산업통상자원부,(주)에스제이금속,전라남도,2019,사업장,철강,"20,481",tCO₂eq,-,-,353,TJ,-,-,(재)한국품질재단,-
122,환경부,(주)에스파워,경기도,2019,업체,발전 · 에너지,"1,770,697",tCO₂eq,307.12,tCO2eq/억원,"34,776",TJ,6.03,TJ/억원,(재)한국품질재단,"576,553,691,000"
123,산업통상자원부,(주)에이에스에이 김제공장,전라북도,2019,사업장,자동차,"17,177",tCO₂eq,-,-,329,TJ,-,-,지속가능인증원주식회사,-
124,환경부,(주)에이에스에이 전주공장,전북,2019,사업장,자동차,"31,156",tCO₂eq,-,-,590,TJ,-,-,지속가능인증원주식회사,-
125,산업통상자원부,(주)에코프로비엠,충청북도,2019,사업장,반도체.디스플레이.전기전자,"21,274",tCO₂eq,-,-,434,TJ,-,-,(재)한국품질재단,-
126,환경부,(주)엔아이티,전라북도,2019,업체,폐기물,"191,904",tCO₂eq,510.28,tCO2eq/억원,378,TJ,1.01,TJ/억원,㈜한국품질보증원,"37,607,549,000"
127,산업통상자원부,(주)엔이티,충청북도,2019,사업장,발전에너지,"49,175",tCO₂eq,-,-,574,TJ,-,-,한국표준협회,-
128,산업통상자원부,(주)엘지생활건강 울산공장,울산광역시,2019,사업장,석유화학,"21,886",tCO₂eq,-,-,438,TJ,-,-,(재)한국품질재단,-
129,환경부,(주)엘지씨엔에스,서울특별시,2019,사업장,통신,"25,640",tCO₂eq,-,-,567,TJ,-,-,대일이엔씨기술(주),-
130,환경부,(주)엘지하우시스,서울특별시,2019,업체,석유화학,"145,145",tCO₂eq,5.35,tCO2eq/억원,"2,701",TJ,0.1,TJ/억원,㈜디엔브이지엘비즈니스어슈어런스코리아,"2,710,501,000,000"
131,환경부,(주)영신물산,경기도,2019,사업장,섬유,"28,841",tCO₂eq,-,-,190,TJ,-,-,한국표준협회,-
132,환경부,(주)오뚜기 대풍공장,충청북도,2019,사업장,음식료품,"49,430",tCO₂eq,-,-,994,TJ,-,-,한국생산성본부인증원(주),-
133,환경부,(주)오리온,서울특별시,2019,사업장,음식료품,"68,400",tCO₂eq,-,-,"1,344",TJ,-,-,한국표준협회,-
134,환경부,(주)오미아코리아,서울특별시,2019,사업장,석유화학,"68,206",tCO₂eq,-,-,"1,378",TJ,-,-,㈜디엔브이지엘비즈니스어슈어런스코리아,-
135,산업통상자원부,(주)오영,경기도,2019,사업장,석유화학,"17,953",tCO₂eq,-,-,385,TJ,-,-,(재)한국품질재단,-
136,환경부,(주)온셀텍,충청남도,2019,사업장,산업,"35,473",tCO₂eq,-,-,728,TJ,-,-,한국표준협회,-
137,농림축산식품부,(주)올품,경상북도,2019,사업장,식료품 제조업,"25,929",tCO₂eq,-,-,454,TJ,-,-,한국표준협회,-
138,환경부,(주)우룡,강원도,2019,업체,시멘트,"165,468",tCO₂eq,390.61,tCO2eq/억원,635,TJ,1.5,TJ/억원,(주)한국경영인증원,"42,360,974,000"
139,국토교통부,(주)우리은행,서울특별시,2019,업체,건물,"81,240",tCO₂eq,0.4,tCO2eq/억원,"1,207",TJ,0.01,TJ/억원,㈜디엔브이지엘비즈니스어슈어런스코리아,"20,406,870,000,000"
140,산업통상자원부,(주)우신금속,울산광역시,2019,사업장,비철금속,"19,811",tCO₂eq,-,-,307,TJ,-,-,(재)한국품질재단,-
141,환경부,(주)유니온,서울,2019,업체,시멘트,"166,483",tCO₂eq,161.13,tCO2eq/억원,"1,380",TJ,1.34,TJ/억원,한국표준협회,"103,321,797,000"
142,국토교통부,(주)유성티엔에스,서울특별시,2019,사업장,교통(화물),"38,240",tCO₂eq,-,-,546,TJ,-,-,(주)한국경영인증원,-
143,산업통상자원부,(주)유한화학,경기도,2019,사업장,석유화학,"17,578",tCO₂eq,-,-,351,TJ,-,-,(주)한국경영인증원,-
144,산업통상자원부,(주)이녹스첨단소재,충청남도,2019,사업장,반도체.디스플레이.전기전자,"20,662",tCO₂eq,-,-,419,TJ,-,-,(재)한국품질재단,-
145,환경부,(주)이마트,서울특별시,2019,업체,건물,"522,657",tCO₂eq,3.97,tCO2eq/억원,"10,692",TJ,0.08,TJ/억원,한국표준협회,"13,154,820,006,000"
146,환경부,(주)이수페타시스,대구광역시,2019,사업장,전기전자,"46,742",tCO₂eq,-,-,722,TJ,-,-,이큐에이㈜,-
147,환경부,(주)이수화학,서울특별시,2019,업체,석유화학,"281,322",tCO₂eq,23.21,tCO2eq/억원,"4,964",TJ,0.41,TJ/억원,한국표준협회,"1,212,136,492,000"
148,환경부,(주)이스타항공,서울특별시,2019,사업장,항공,"146,181",tCO₂eq,-,-,"2,091",TJ,-,-,(재)한국품질재단,-
149,환경부,(주)이알지서비스,인천광역시,2019,사업장,지정외 폐기물처리업,"102,666",tCO₂eq,-,-,105,TJ,-,-,이큐에이㈜,-
150,환경부,(주)이에스지세종,세종특별자치시,2019,사업장,폐기물,"73,708",tCO₂eq,-,-,496,TJ,-,-,한국표준협회,-
151,산업통상자원부,(주)인지디스플레이,충청남도,2019,사업장,자동차,"25,517",tCO₂eq,-,-,402,TJ,-,-,(주)한국경영인증원,-
152,환경부,(주)인터플렉스,경기도,2019,사업장,전기전자,"52,050",tCO₂eq,-,-,"1,056",TJ,-,-,한국표준협회,-
153,환경부,(주)일진글로벌,서울특별시,2019,사업장,산업,"41,316",tCO₂eq,-,-,850,TJ,-,-,이큐에이㈜,-
154,국토교통부,(주)전북고속,전라북도,2019,사업장,교통(여객),"22,825",tCO₂eq,-,-,322,TJ,-,-,(주)한국경영인증원,-
155,농림축산식품부,(주)정·식품,충청북도,2019,사업장,음료제조업,"20,979",tCO₂eq,-,-,418,TJ,-,-,한국표준협회,-
156,국토교통부,(주)제때,서울특별시,2019,사업장,교통(화물),"17,598",tCO₂eq,-,-,278,TJ,-,-,한국표준협회,-
157,해양수산부,(주)제양항공해운,제주특별자치도,2019,사업장,교통(해운),"33,551",tCO₂eq,-,-,460,TJ,-,-,한국표준협회,-
158,산업통상자원부,(주)제이앤티씨,경기도,2019,사업장,반도체.디스플레이.전기전자,"9,460",tCO₂eq,-,-,193,TJ,-,-,한국표준협회,-
159,해양수산부,(주)제이에이치페리,경상북도,2019,사업장,교통(해운),"4,660",tCO₂eq,-,-,66,TJ,-,-,한국표준협회,-
160,환경부,(주)제이엠씨,울산광역시,2019,사업장,석유화학,"34,838",tCO₂eq,-,-,780,TJ,-,-,이큐에이㈜,-
161,해양수산부,(주)제주케이라인,제주특별자치도,2019,사업장,교통(해운),"19,079",tCO₂eq,-,-,260,TJ,-,-,㈜디엔브이지엘비즈니스어슈어런스코리아,-
162,산업통상자원부,(주)젤텍,부산광역시,2019,사업장,석유화학,"13,694",tCO₂eq,-,-,488,TJ,-,-,한국표준협회,-
163,산업통상자원부,(주)종근당 천안공장,충청남도,2019,사업장,석유화학,"15,165",tCO₂eq,-,-,419,TJ,-,-,(재)한국품질재단,-
164,환경부,(주)종근당바이오,서울특별시,2019,사업장,석유화학,"86,423",tCO₂eq,-,-,"1,698",TJ,-,-,이큐에이㈜,-
165,국토교통부,(주)중부고속,대전광역시,2019,사업장,교통(여객),"13,282",tCO₂eq,-,-,188,TJ,-,-,한국표준협회,-
166,국토교통부,(주)중앙고속,경기도,2019,업체,교통(여객),"62,108",tCO₂eq,51.96,tCO2eq/억원,875,TJ,0.73,TJ/억원,(주)한국경영인증원,"119,536,251,000"
167,산업통상자원부,(주)중일,경기도,2019,사업장,비철금속,"30,223",tCO₂eq,-,-,310,TJ,-,-,한국표준협회,-
168,산업통상자원부,(주)지에스동해전력,강원도,2019,업체,발전에너지,"6,215,067",tCO₂eq,903.28,tCO2eq/억원,"69,410",TJ,10.09,TJ/억원,대일이엔씨기술(주),"688,055,210,864"
169,산업통상자원부,(주)지엠씨,충청북도,2019,사업장,광업,"12,761",tCO₂eq,-,-,260,TJ,-,-,(주)한국경영인증원,-
170,환경부,(주)진합,대전광역시,2019,사업장,자동차,"27,484",tCO₂eq,-,-,560,TJ,-,-,한국표준협회,-
171,산업통상자원부,(주)진흥주물 군산공장,전라북도,2019,사업장,철강,"19,171",tCO₂eq,-,-,336,TJ,-,-,한국표준협회,-
172,산업통상자원부,(주)진흥주물 인천공장,인천광역시,2019,사업장,철강,"15,753",tCO₂eq,-,-,272,TJ,-,-,한국표준협회,-
173,환경부,(주)참프레,전라북도,2019,사업장,음식료품,"29,283",tCO₂eq,-,-,586,TJ,-,-,한국표준협회,-
174,국토교통부,(주)천일고속,부산광역시,2019,사업장,교통(여객),"30,000",tCO₂eq,-,-,425,TJ,-,-,(주)한국경영인증원,-
175,농림축산식품부,(주)체리부로,충청북도,2019,사업장,식료품 제조업,"15,484",tCO₂eq,-,-,313,TJ,-,-,(주)한국경영인증원,-
176,국토교통부,(주)충남고속,충청남도,2019,사업장,교통(여객),"29,029",tCO₂eq,-,-,413,TJ,-,-,(주)한국경영인증원,-
177,환경부,(주)충무화학정선,강원도,2019,업체,시멘트,"157,273",tCO₂eq,-,-,573,TJ,-,-,(재)한국품질재단,-
178,농림축산식품부,(주)카길애그리퓨리나 평택공장,경기도,2019,사업장,식료품 제조업,"19,713",tCO₂eq,-,-,398,TJ,-,-,(재)한국품질재단,-
179,환경부,(주)카펙발레오,대구광역시,2019,사업장,자동차,"21,081",tCO₂eq,-,-,419,TJ,-,-,한국표준협회,-
180,환경부,(주)칼링크,전라북도,2019,사업장,자동차,"25,252",tCO₂eq,-,-,507,TJ,-,-,지속가능인증원주식회사,-
181,환경부,(주)캐스텍코리아,부산광역시,2019,사업장,자동차,"39,831",tCO₂eq,-,-,715,TJ,-,-,한국표준협회,-
182,산업통상자원부,(주)케이에프엔티,울산광역시,2019,사업장,석유화학,"18,484",tCO₂eq,-,-,399,TJ,-,-,한국표준협회,-
183,환경부,(주)케이이씨,경상북도,2019,사업장,반도체,"42,730",tCO₂eq,-,-,536,TJ,-,-,(주)신화엔지니어링종합건축사사무소,-
184,환경부,(주)케이티앤지,대전광역시,2019,사업장,음식료품,"104,559",tCO₂eq,-,-,"2,020",TJ,-,-,(재)한국품질재단,-
185,환경부,(주)케이피켐텍,울산광역시,2019,사업장,섬유,"37,626",tCO₂eq,-,-,865,TJ,-,-,(재)한국품질재단,-
186,환경부,(주)코다코,충청남도,2019,사업장,자동차,"24,659",tCO₂eq,-,-,498,TJ,-,-,(재)한국품질재단,-
187,환경부,(주)코리아써키트,경기도,2019,사업장,전기전자,"91,186",tCO₂eq,-,-,"1,827",TJ,-,-,(주)비에스아이그룹코리아,-
188,국토교통부,(주)코리아와이드경북고속,대구광역시,2019,업체,교통(여객),"42,696",tCO₂eq,-,-,602,TJ,-,-,(주)한국경영인증원,-
189,국토교통부,(주)코리아와이드포항,경상북도,2019,사업장,교통(여객),"23,740",tCO₂eq,-,-,445,TJ,-,-,(주)한국경영인증원,-
190,환경부,(주)코스틸,서울특별시,2019,사업장,철강,"51,898",tCO₂eq,-,-,935,TJ,-,-,이큐에이㈜,-
191,환경부,(주)클렌코,충청북도,2019,업체,폐기물,"207,845",tCO₂eq,503.56,tCO2eq/억원,167,TJ,0.4,TJ/억원,한국표준협회,"41,275,505,000"
192,산업통상자원부,(주)태광,부산광역시,2019,사업장,철강,"13,119",tCO₂eq,-,-,255,TJ,-,-,산림조합중앙회,-
193,산업통상자원부,(주)태영열처리,부산광역시,2019,사업장,기계,"15,026",tCO₂eq,-,-,305,TJ,-,-,한국표준협회,-
194,산업통상자원부,(주)태우,경기도,2019,사업장,비철금속,"17,261",tCO₂eq,-,-,335,TJ,-,-,한국가스안전공사,-
195,환경부,(주)태웅,부산광역시,2019,사업장,기계,"202,438",tCO₂eq,-,-,"3,688",TJ,-,-,(재)한국품질재단,-
196,환경부,(주)태평양금속,경상북도,2019,사업장,요업,"45,372",tCO₂eq,-,-,908,TJ,-,-,이큐에이㈜,-
197,환경부,(주)테크팩솔루션,서울시,2019,업체,유리,"233,468",tCO₂eq,58.23,tCO2eq/억원,"3,883",TJ,0.97,TJ/억원,(재)한국품질재단,"400,970,024,000"
198,환경부,(주)티씨씨스틸,경상북도,2019,사업장,철강,"28,694",tCO₂eq,-,-,568,TJ,-,-,이큐에이㈜,-
199,산업통상자원부,(주)티씨케이,경기도,2019,사업장,반도체.디스플레이.전기전자,"20,475",tCO₂eq,-,-,418,TJ,-,-,(재)한국품질재단,-
200,농림축산식품부,(주)파리크라상 성남공장,경기도,2019,사업장,식료품 제조업,"21,853",tCO₂eq,-,-,436,TJ,-,-,한국표준협회,-
201,국토교통부,(주)판토스,서울특별시,2019,사업장,교통(화물),"44,317",tCO₂eq,-,-,685,TJ,-,-,한국표준협회,-
202,환경부,(주)퍼시픽글라스,충청남도,2019,사업장,유리,"32,818",tCO₂eq,-,-,555,TJ,-,-,한국표준협회,-
203,국토교통부,(주)평안운수,경기도,2019,사업장,교통(여객),"17,088",tCO₂eq,-,-,283,TJ,-,-,산림조합중앙회,-
204,환경부,(주)포레스코,서울특별시,2019,사업장,목재,"32,668",tCO₂eq,-,-,773,TJ,-,-,한국표준협회,-
205,산업통상자원부,(주)풍농 장항공장,충청남도,2019,사업장,석유화학,"19,292",tCO₂eq,-,-,382,TJ,-,-,이큐에이㈜,-
206,환경부,(주)풍정주공,경상남도,2019,사업장,철강,"28,528",tCO₂eq,-,-,523,TJ,-,-,한국표준협회,-
207,산업통상자원부,(주)피엔디티,경상북도,2019,사업장,자동차,"19,619",tCO₂eq,-,-,384,TJ,-,-,지속가능인증원주식회사,-
208,환경부,(주)필맥스,경상북도,2019,사업장,석유화학,"25,587",tCO₂eq,-,-,516,TJ,-,-,㈜한국품질보증원,-
209,환경부,(주)하림,전라북도,2019,사업장,음식료품,"87,431",tCO₂eq,-,-,"2,085",TJ,-,-,(재)한국품질재단,-
210,환경부,(주)한국아트라스비엑스,대전광역시,2019,사업장,전기전자,"33,123",tCO₂eq,-,-,677,TJ,-,-,(재)한국화학융합시험연구원,-
211,환경부,(주)한국알스트롬,대구광역시,2019,사업장,제지,"47,727",tCO₂eq,-,-,616,TJ,-,-,(재)한국품질재단,-
212,농림축산식품부,(주)한국인삼공사 고려인삼창(부여공장),충청남도,2019,사업장,식료품 제조업,"17,566",tCO₂eq,-,-,353,TJ,-,-,(주)한국경영인증원,-
213,농림축산식품부,(주)한국인삼공사 고려인삼창(원주공장),강원도,2019,사업장,식료품 제조업,"19,514",tCO₂eq,-,-,394,TJ,-,-,한국표준협회,-
214,산업통상자원부,(주)한금 포항공장,경상북도,2019,사업장,철강,"17,422",tCO₂eq,-,-,384,TJ,-,-,한국표준협회,-
215,환경부,(주)한솔케미칼,서울특별시,2019,사업장,석유화학,"133,713",tCO₂eq,-,-,"2,617",TJ,-,-,대일이엔씨기술(주),-
216,환경부,(주)한솔홈데코,서울특별시,2019,사업장,목재,"63,751",tCO₂eq,-,-,"1,159",TJ,-,-,(주)한국경영인증원,-
217,산업통상자원부,(주)한양에스앤씨 함안지점,경상남도,2019,사업장,자동차,"18,392",tCO₂eq,-,-,345,TJ,-,-,한국표준협회,-
218,국토교통부,(주)한익스프레스,서울특별시,2019,사업장,교통(화물),"24,634",tCO₂eq,-,-,385,TJ,-,-,한국표준협회,-
219,해양수산부,(주)한일고속,서울특별시,2019,업체,교통(해운),"107,488",tCO₂eq,150.07,tCO2eq/억원,"1,488",TJ,2.08,TJ/억원,(주)한국경영인증원,"71,627,288,000"
220,환경부,(주)한주,울산광역시,2019,업체,산업단지,"1,049,651",tCO₂eq,176.66,tCO2eq/억원,"13,739",TJ,2.31,TJ/억원,㈜디엔브이지엘비즈니스어슈어런스코리아,"594,149,196,000"
221,국토교통부,(주)한진,서울특별시,2019,업체,교통(화물),"124,507",tCO₂eq,6.87,tCO2eq/억원,"1,882",TJ,0.1,TJ/억원,한국표준협회,"1,811,710,880,000"
222,환경부,(주)한창제지,경상남도,2019,업체,제지,"119,446",tCO₂eq,65.84,tCO2eq/억원,"1,591",TJ,0.88,TJ/억원,한국표준협회,"181,407,722,000"
223,환경부,(주)한화,서울특별시,2019,사업장,석유화학,"96,095",tCO₂eq,-,-,"1,774",TJ,-,-,㈜디엔브이지엘비즈니스어슈어런스코리아,-
224,환경부,(주)현대백화점,서울특별시,2019,업체,건물,"149,171",tCO₂eq,10.77,tCO2eq/억원,"3,072",TJ,0.22,TJ/억원,한국표준협회,"1,385,243,797,000"
225,환경부,(주)현대엘앤씨,서울특별시,2019,사업장,석유화학,"28,804",tCO₂eq,-,-,583,TJ,-,-,한국표준협회,-
226,환경부,(주)현대케피코,경기도,2019,사업장,자동차,"28,094",tCO₂eq,-,-,573,TJ,-,-,한국생산성본부인증원(주),-
227,국토교통부,(주)호텔신라,서울특별시,2019,사업장,건물,"22,117",tCO₂eq,-,-,446,TJ,-,-,한국표준협회,-
228,산업통상자원부,(주)화승알앤에이,경상남도,2019,사업장,석유화학,"21,774",tCO₂eq,-,-,441,TJ,-,-,한국표준협회,-
229,환경부,(주)화승케미칼,부산광역시,2019,사업장,산업,"28,388",tCO₂eq,-,-,577,TJ,-,-,이큐에이㈜,-
230,산업통상자원부,(주)흥아 양산1공장,경상남도,2019,사업장,석유화학,"14,296",tCO₂eq,-,-,285,TJ,-,-,(재)한국품질재단,-
231,국토교통부,(합)경남여객,경기도,2019,사업장,교통(여객),"53,049",tCO₂eq,-,-,840,TJ,-,-,한국표준협회,-
232,국토교통부,CJ대한통운(주),서울특별시,2019,업체,교통(화물),"214,842",tCO₂eq,3.26,tCO2eq/억원,"3,631",TJ,0.06,TJ/억원,(주)한국경영인증원,"6,596,274,009,000"
233,환경부,CJ제일제당(주),서울특별시,2019,업체,음식료품,"419,898",tCO₂eq,7.14,tCO2eq/억원,"9,658",TJ,0.16,TJ/억원,(재)한국화학융합시험연구원,"5,882,531,864,000"
234,국토교통부,GS건설(주),서울특별시,2019,업체,건설,"108,706",tCO₂eq,1.15,tCO2eq/억원,"2,069",TJ,0.02,TJ/억원,로이드인증원㈜,"9,485,125,995,000"
235,환경부,GS파워,경기도,2019,업체,집단에너지,"1,771,569",tCO₂eq,615.21,tCO2eq/억원,"34,532",TJ,11.99,TJ/억원,(재)한국품질재단,"287,962,789,846"
236,환경부,HSD엔진(주),경상남도,2019,사업장,기계,"31,809",tCO₂eq,-,-,559,TJ,-,-,㈜디엔브이지엘비즈니스어슈어런스코리아,-
237,산업통상자원부,JW 생명과학(주),충청남도,2019,사업장,석유화학,"28,914",tCO₂eq,-,-,584,TJ,-,-,한국표준협회,-
238,산업통상자원부,KPX 케미칼(주),울산광역시,2019,사업장,석유화학,"20,593",tCO₂eq,-,-,634,TJ,-,-,(주)한국경영인증원,-
239,산업통상자원부,LB세미콘(주),경기도,2019,사업장,반도체.디스플레이.전기전자,"25,710",tCO₂eq,-,-,527,TJ,-,-,한국표준협회,-
240,환경부,LG엠엠에이,전라남도,2019,업체,석유화학,"307,858",tCO₂eq,46.26,tCO2eq/억원,"2,895",TJ,0.43,TJ/억원,(주)한국경영인증원,"665,542,498,352"
241,환경부,OCI SE 주식회사,전라북도,2019,업체,산업,"1,102,019",tCO₂eq,485.59,tCO2eq/억원,"21,210",TJ,9.35,TJ/억원,㈜디엔브이지엘비즈니스어슈어런스코리아,"226,944,538,000"
242,산업통상자원부,S&T모티브(주),부산광역시,2019,사업장,자동차,"17,811",tCO₂eq,-,-,364,TJ,-,-,한국표준협회,-
243,산업통상자원부,S&T중공업(주),경상남도,2019,사업장,자동차,"14,967",tCO₂eq,-,-,277,TJ,-,-,한국표준협회,-
244,환경부,S-Oil(주),서울특별시,2019,업체,정유,"9,603,008",tCO₂eq,39.37,tCO2eq/억원,"129,497",TJ,0.53,TJ/억원,한국표준협회,"24,393,980,000,000"
245,산업통상자원부,SK(주) 대덕 데이터센터,대전관역시,2019,사업장,통신,"19,390",tCO₂eq,-,-,399,TJ,-,-,대일이엔씨기술(주),-
246,환경부,SKbroadband(주),서울특별시,2019,업체,통신,"281,170",tCO₂eq,8.85,tCO2eq/억원,"5,759",TJ,0.18,TJ/억원,㈜디엔브이지엘비즈니스어슈어런스코리아,"3,178,805,000,000"
247,환경부,SK네트웍스(주) 워커힐,서울특별시,2019,사업장,건물,"23,894",tCO₂eq,-,-,481,TJ,-,-,(주)비에스아이그룹코리아,-
248,환경부,SK이노베이션(주),서울특별시,2019,업체,전기전자,"191,567",tCO₂eq,7.63,tCO2eq/억원,"3,908",TJ,0.16,TJ/억원,한국표준협회,"2,511,165,247,000"
249,환경부,SK인천석유화학(주),인천광역시,2019,업체,석유화학,"1,580,187",tCO₂eq,23.35,tCO2eq/억원,"44,636",TJ,0.66,TJ/억원,한국표준협회,"6,766,524,720,000"
250,환경부,STX 조선해양(주),경상남도,2019,사업장,조선,"43,931",tCO₂eq,-,-,790,TJ,-,-,(재)한국품질재단,-
251,산업통상자원부,Y&T파워텍(주),충청북도,2019,사업장,자동차,"18,189",tCO₂eq,-,-,373,TJ,-,-,(주)비에스아이그룹코리아,-
252,환경부,㈜토탈,울산광역시,2019,사업장,지정외 폐기물처리업 등,"83,701",tCO₂eq,-,-,108,TJ,-,-,(재)한국품질재단,-
253,산업통상자원부,가온전선주식회사,경기도,2019,사업장,반도체.디스플레이.전기전자,"16,429",tCO₂eq,-,-,330,TJ,-,-,(주)비에스아이그룹코리아,-
254,환경부,가톨릭대학교 서울성모병원,서울특별시,2019,사업장,건물,"40,159",tCO₂eq,-,-,813,TJ,-,-,한국표준협회,-
255,국토교통부,강남금융센터(주),서울특별시,2019,사업장,건물,"17,491",tCO₂eq,-,-,356,TJ,-,-,한국표준협회,-
256,산업통상자원부,강남화성(주),경기도,2019,사업장,석유화학,"19,764",tCO₂eq,-,-,379,TJ,-,-,한국표준협회,-
257,환경부,강릉시,강원도,2019,사업장,폐기물,"19,711",tCO₂eq,-,-,106,TJ,-,-,(주)비에스아이그룹코리아,-
258,국토교통부,강변테크노마트 주식회사,서울특별시,2019,사업장,건물,"16,266",tCO₂eq,-,-,333,TJ,-,-,대일이엔씨기술(주),-
259,국토교통부,강원고속,강원도,2019,사업장,교통(여객),"26,633",tCO₂eq,-,-,379,TJ,-,-,한국표준협회,-
260,국토교통부,강원대학교 춘천캠퍼스,강원도,2019,사업장,건물,"18,932",tCO₂eq,-,-,386,TJ,-,-,한국표준협회,-
261,국토교통부,강원여객자동차,강원도,2019,사업장,교통(여객),"17,169",tCO₂eq,-,-,249,TJ,-,-,한국표준협회,-
262,환경부,거제시,경상남도,2019,사업장,폐기물,"60,789",tCO₂eq,-,-,392,TJ,-,-,(재)한국품질재단,-
263,환경부,건국대학교,서울특별시,2019,사업장,건물,"26,793",tCO₂eq,-,-,543,TJ,-,-,이큐에이㈜,-
264,환경부,경북대학교,대구광역시,2019,사업장,건물,"34,590",tCO₂eq,-,-,705,TJ,-,-,㈜한국품질보증원,-
265,환경부,경산제지 주식회사,대구광역시,2019,사업장,제지,"92,902",tCO₂eq,-,-,771,TJ,-,-,한국표준협회,-
266,국토교통부,경원여객자동차(주),경기도,2019,업체,교통(여객),"45,691",tCO₂eq,55.58,tCO2eq/억원,818,TJ,1,TJ/억원,한국표준협회,"82,210,755,841"
267,국토교통부,경원여객자동차(주),경상남도,2019,사업장,교통(여객),"26,383",tCO₂eq,-,-,372,TJ,-,-,(주)한국경영인증원,-
268,환경부,경인환경에너지 주식회사,경기도,2019,사업장,폐기물,"67,146",tCO₂eq,-,-,209,TJ,-,-,이큐에이㈜,-
269,국토교통부,경전여객자동차(주),경상남도,2019,사업장,교통(여객),"17,262",tCO₂eq,-,-,245,TJ,-,-,한국표준협회,-
270,환경부,경주시,경상북도,2019,사업장,폐기물,"85,943",tCO₂eq,-,-,565,TJ,-,-,㈜한국품질보증원,-
271,국토교통부,경진여객운수(주),경기도,2019,사업장,교통(여객),"25,914",tCO₂eq,-,-,429,TJ,-,-,(주)한국경영인증원,-
272,산업통상자원부,경창산업(주) 본사,대구광역시,2019,사업장,자동차,"17,257",tCO₂eq,-,-,354,TJ,-,-,한국생산성본부인증원(주),-
273,환경부,고려강선(주),경상남도,2019,사업장,철강,"91,442",tCO₂eq,-,-,"1,900",TJ,-,-,한국생산성본부인증원(주),-
274,환경부,고려기초소재,충청남도,2019,사업장,시멘트,"21,688",tCO₂eq,-,-,384,TJ,-,-,한국표준협회,-
275,환경부,고려아연 주식회사,서울특별시,2019,업체,비철금속,"3,845,243",tCO₂eq,73.68,tCO2eq/억원,"53,537",TJ,1.03,TJ/억원,(재)한국품질재단,"5,218,822,665,000"
276,산업통상자원부,고려용접봉(주),경상남도,2019,사업장,기계,"20,269",tCO₂eq,-,-,412,TJ,-,-,㈜한국품질보증원,-
277,환경부,고려제강(주),부산광역시,2019,업체,철강,"119,488",tCO₂eq,24.11,tCO2eq/억원,"2,401",TJ,0.48,TJ/억원,한국생산성본부인증원(주),"495,658,416,000"
278,산업통상자원부,고려특수선재(주),경상남도,2019,사업장,철강,"23,476",tCO₂eq,-,-,482,TJ,-,-,로이드인증원㈜,-
279,환경부,고양시,경기도,2019,업체,폐기물,"170,861",tCO₂eq,-,-,"1,181",TJ,-,-,㈜한국품질보증원,-
280,국토교통부,공항철도(주),인천광역시,2019,업체,교통(철도),"56,444",tCO₂eq,13.54,tCO2eq/억원,"1,159",TJ,0.28,TJ/억원,대일이엔씨기술(주),"416,943,740,000"
281,환경부,광명시,경기도,2019,사업장,폐기물,"70,338",tCO₂eq,-,-,355,TJ,-,-,㈜한국품질보증원,-
282,해양수산부,광양선박(주),전라남도,2019,업체,교통(해운),"51,511",tCO₂eq,82.02,tCO2eq/억원,709,TJ,1.13,TJ/억원,㈜디엔브이지엘비즈니스어슈어런스코리아,"62,803,420,000"
283,국토교통부,광주과학기술원,광주광역시,2019,사업장,건물,"21,425",tCO₂eq,-,-,437,TJ,-,-,한국표준협회,-
284,환경부,광주광역시,광주광역시,2019,업체,폐기물,"170,356",tCO₂eq,-,-,"1,501",TJ,-,-,(재)한국품질재단,-
285,국토교통부,광주광역시도시철도공사,광주광역시,2019,사업장,교통(철도),"18,678",tCO₂eq,-,-,383,TJ,-,-,한국표준협회,-
286,환경부,광진산업(주),충청북도,2019,사업장,시멘트,"87,988",tCO₂eq,-,-,228,TJ,-,-,한국생산성본부인증원(주),-
287,환경부,구리시,경기도,2019,업체,폐기물,"82,011",tCO₂eq,-,-,571,TJ,-,-,㈜한국품질보증원,-
288,환경부,구미시,경상북도,2019,업체,폐기물,"137,801",tCO₂eq,-,-,899,TJ,-,-,㈜한국품질보증원,-
289,국토교통부,국가핵융합연구소,대전광역시,2019,사업장,건물,"17,476",tCO₂eq,-,-,359,TJ,-,-,(주)신화엔지니어링종합건축사사무소,-
290,환경부,국도화학(주),서울특별시,2019,사업장,석유화학,"37,227",tCO₂eq,-,-,"1,540",TJ,-,-,로이드인증원㈜,-
291,환경부,국립대학법인 서울대학교,서울특별시,2019,업체,건물,"139,736",tCO₂eq,-,-,"2,834",TJ,-,-,(재)한국품질재단,-
292,국토교통부,국립암센터,경기도,2019,사업장,건물,"18,142",tCO₂eq,-,-,378,TJ,-,-,이큐에이㈜,-
293,국토교통부,국방과학연구소,대전광역시,2019,사업장,건물,"19,902",tCO₂eq,-,-,402,TJ,-,-,(재)한국품질재단,-
294,환경부,국일제지(주),경기도,2019,사업장,제지,"46,945",tCO₂eq,-,-,"1,210",TJ,-,-,이큐에이㈜,-
295,국토교통부,국회사무처,서울특별시,2019,사업장,건물,"21,532",tCO₂eq,-,-,448,TJ,-,-,한국표준협회,-
296,환경부,군산시,전라북도,2019,사업장,폐기물,"81,078",tCO₂eq,-,-,451,TJ,-,-,㈜한국품질보증원,-
297,환경부,군장에너지주식회사,전라북도,2019,업체,산업단지,"2,262,584",tCO₂eq,472.54,tCO2eq/억원,"42,627",TJ,8.9,TJ/억원,㈜디엔브이지엘비즈니스어슈어런스코리아,"478,816,827,000"
298,환경부,군포시,경기도,2019,사업장,폐기물,"43,163",tCO₂eq,-,-,81,TJ,-,-,한국표준협회,-
299,환경부,그린케미칼 주식회사,충청남도,2019,사업장,석유화학,"60,757",tCO₂eq,-,-,"1,221",TJ,-,-,한국가스안전공사,-
300,산업통상자원부,금강공업(주) 음성 제2공장,충청북도,2019,사업장,비철금속,"18,760",tCO₂eq,-,-,318,TJ,-,-,(주)한국경영인증원,-
301,해양수산부,금진해운(주),부산광역시,2019,사업장,교통(해운),"20,957",tCO₂eq,-,-,290,TJ,-,-,㈜디엔브이지엘비즈니스어슈어런스코리아,-
302,국토교통부,금호고속(주) 고속사업부,광주광역시,2019,업체,교통(여객),"165,765",tCO₂eq,-,-,"2,374",TJ,-,-,(주)한국경영인증원,-
303,환경부,금호미쓰이화학 주식회사,서울특별시,2019,사업장,석유화학,"96,258",tCO₂eq,-,-,"1,771",TJ,-,-,(재)한국품질재단,-
304,환경부,금호석유화학 주식회사,서울,2019,업체,석유화학,"3,513,962",tCO₂eq,95.42,tCO2eq/억원,"42,628",TJ,1.16,TJ/억원,한국표준협회,"3,682,663,420,000"
305,환경부,금호타이어(주),광주광역시,2019,업체,석유화학,"251,038",tCO₂eq,13.79,tCO2eq/억원,"5,065",TJ,0.28,TJ/억원,지속가능인증원주식회사,"1,820,850,830,000"
306,환경부,금호폴리켐주식회사,서울특별시,2019,업체,석유화학,"251,682",tCO₂eq,64.42,tCO2eq/억원,"4,138",TJ,1.06,TJ/억원,(재)한국품질재단,"390,670,458,000"
307,환경부,금호피앤비화학 주식회사,전라남도,2019,업체,석유화학,"868,690",tCO₂eq,62.78,tCO2eq/억원,"11,512",TJ,0.83,TJ/억원,한국표준협회,"1,383,805,011,000"
308,환경부,기아자동차(주),서울특별시,2019,업체,자동차,"741,639",tCO₂eq,2.19,tCO2eq/억원,"14,969",TJ,0.04,TJ/억원,로이드인증원㈜,"33,857,781,000,000"
309,환경부,김천시,경상북도,2019,사업장,폐기물,"48,090",tCO₂eq,-,-,301,TJ,-,-,㈜한국품질보증원,-
310,환경부,김천에너지서비스주식회사,경상북도,2019,업체,산업단지,"704,344",tCO₂eq,742.1,tCO2eq/억원,"8,164",TJ,8.6,TJ/억원,한국표준협회,"94,912,113,000"
311,환경부,김포시 자원화센터,경기도,2019,사업장,지정외 폐기물처리업,"24,753",tCO₂eq,-,-,397,TJ,-,-,한국표준협회,-
312,국토교통부,김포운수(주),경기도,2019,사업장,교통(여객),"24,777",tCO₂eq,-,-,456,TJ,-,-,(주)한국경영인증원,-
313,환경부,김해시,경상남도,2019,업체,폐기물,"118,861",tCO₂eq,-,-,"1,287",TJ,-,-,㈜한국품질보증원,-
314,환경부,깨끗한나라 주식회사,서울특별시,2019,업체,제지,"405,528",tCO₂eq,68.29,tCO2eq/억원,"5,089",TJ,0.86,TJ/억원,(재)한국품질재단,"593,789,315,000"
315,환경부,나래에너지서비스 주식회사,경기도,2019,업체,전환,"1,749,462",tCO₂eq,616.15,tCO2eq/억원,"34,799",TJ,12.26,TJ/억원,(주)한국경영인증원,"283,933,949,118"
316,환경부,나투라페이퍼 주식회사,충청북도,2019,업체,제지,"158,052",tCO₂eq,167.7,tCO2eq/억원,"1,299",TJ,1.38,TJ/억원,한국표준협회,"94,245,878,000"
317,국토교통부,남성교통(주),서울특별시,2019,사업장,교통(여객),"17,629",tCO₂eq,-,-,330,TJ,-,-,(주)한국경영인증원,-
318,환경부,남양금속주식회사,대구광역시,2019,사업장,기계,"102,635",tCO₂eq,-,-,"1,898",TJ,-,-,(주)한국경영인증원,-
319,환경부,남양유업(주),서울특별시,2019,사업장,음식료품,"85,767",tCO₂eq,-,-,"1,986",TJ,-,-,한국표준협회,-
320,환경부,남양주시,경기도,2019,업체,지정외 폐기물처리업,"74,248",tCO₂eq,-,-,"1,063",TJ,-,-,(재)한국품질재단,-
321,환경부,남해화학(주),전라남도,2019,사업장,석유화학,"65,831",tCO₂eq,-,-,849,TJ,-,-,대일이엔씨기술(주),-
322,산업통상자원부,내포그린에너지(주),충청남도,2019,사업장,발전에너지,"22,874",tCO₂eq,-,-,451,TJ,-,-,대일이엔씨기술(주),-
323,환경부,네이버 데이터센터 각,강원도,2019,사업장,통신,"71,534",tCO₂eq,-,-,"1,472",TJ,-,-,한국표준협회,-
324,환경부,네이처이앤티(주),경상북도,2019,업체,폐기물,"248,396",tCO₂eq,786.86,tCO2eq/억원,333,TJ,1.05,TJ/억원,한국표준협회,"31,568,092,000"
325,산업통상자원부,네패스,충청북도,2019,사업장,반도체.디스플레이.전기전자,"18,520",tCO₂eq,-,-,377,TJ,-,-,(주)비에스아이그룹코리아,-
326,환경부,넥센타이어(주),경상남도,2019,업체,석유화학,"213,999",tCO₂eq,13.2,tCO2eq/억원,"4,241",TJ,0.26,TJ/억원,(주)한국경영인증원,"1,620,923,826,000"
327,환경부,노벨리스코리아 주식회사,경상북도,2019,업체,비철금속,"283,126",tCO₂eq,13.03,tCO2eq/억원,"5,564",TJ,0.26,TJ/억원,(주)한국경영인증원,"2,173,599,492,000"
328,환경부,녹십자,경기도,2019,사업장,석유화학,"30,321",tCO₂eq,-,-,796,TJ,-,-,(재)한국품질재단,-
329,국토교통부,농협은행(주),서울특별시,2019,업체,건물,"96,329",tCO₂eq,0.73,tCO2eq/억원,"1,394",TJ,0.01,TJ/억원,한국표준협회,"13,109,992,000,000"
330,환경부,능원금속공업 주식회사,경기도,2019,사업장,비철금속,"29,160",tCO₂eq,-,-,593,TJ,-,-,산림조합중앙회,-
331,환경부,담우물산(주),강원,2019,사업장,시멘트,"65,402",tCO₂eq,-,-,208,TJ,-,-,(주)한국경영인증원,-
332,환경부,대구광역시,대구광역시,2019,업체,폐기물,"635,323",tCO₂eq,-,-,"5,046",TJ,-,-,㈜한국품질보증원,-
333,환경부,대구그린파워(주),대구광역시,2019,업체,집단에너지,"922,598",tCO₂eq,305.45,tCO2eq/억원,"18,366",TJ,6.08,TJ/억원,이큐에이㈜,"302,050,223,000"
334,국토교통부,대구도시철도공사,대구광역시,2019,업체,교통(철도),"100,657",tCO₂eq,48.79,tCO2eq/억원,"2,069",TJ,1,TJ/억원,(주)한국경영인증원,"206,312,570,000"
335,환경부,대구염색산업단지관리공단,대구광역시,2019,업체,산업단지,"758,628",tCO₂eq,-,-,"8,530",TJ,-,-,이큐에이㈜,-
336,환경부,대구텍 유한책임회사,대구광역시,2019,사업장,비철금속,-,tCO₂eq,-,-,-,TJ,-,-,한국표준협회,-
337,환경부,대덕전자(주),경기도,2019,사업장,전기전자,"139,948",tCO₂eq,-,-,"2,827",TJ,-,-,한국표준협회,-
338,환경부,대동금속(주),대구광역시,2019,사업장,철강,"34,172",tCO₂eq,-,-,651,TJ,-,-,(주)한국경영인증원,-
339,환경부,대동산업주식회사,충청남도,2019,사업장,요업,"32,295",tCO₂eq,-,-,538,TJ,-,-,이큐에이㈜,-
340,환경부,대림산업 주식회사,서울특별시,2019,업체,석유화학,"236,180",tCO₂eq,2.43,tCO2eq/억원,"4,508",TJ,0.05,TJ/억원,한국가스안전공사,"9,700,079,000,000"
617,환경부,에스케이넥실리스 주식회사,경기도,2019,사업장,비철금속,"109,753",tCO₂eq,-,-,"2,252",TJ,-,-,(주)한국경영인증원,-
342,환경부,대상 주식회사,서울특별시,2019,업체,음식료품,"536,073",tCO₂eq,21.82,tCO2eq/억원,"11,274",TJ,0.46,TJ/억원,(주)한국경영인증원,"2,457,055,173,000"
343,환경부,대성목재공업(주),인천광역시,2019,사업장,목재,"28,601",tCO₂eq,-,-,558,TJ,-,-,한국표준협회,-
344,환경부,대성산업가스(주),서울특별시,2019,업체,석유화학,"822,516",tCO₂eq,153.68,tCO2eq/억원,"16,879",TJ,3.15,TJ/억원,㈜한국품질보증원,"535,203,414,952"
345,산업통상자원부,대성엠디아이(주)라임켐센터,강원도,2019,사업장,시멘트,"132,429",tCO₂eq,-,-,496,TJ,-,-,(주)한국경영인증원,-
346,환경부,대성지엠텍(주),강원도,2019,업체,광업,"127,334",tCO₂eq,939.92,tCO2eq/억원,313,TJ,2.31,TJ/억원,(주)한국경영인증원,"13,547,315,612"
347,산업통상자원부,대신염직공업(주),경기도,2019,사업장,섬유,"15,611",tCO₂eq,-,-,300,TJ,-,-,이큐에이㈜,-
348,국토교통부,대신정기화물자동차(주),충청북도,2019,업체,교통(화물),"53,499",tCO₂eq,161.65,tCO2eq/억원,758,TJ,2.29,TJ/억원,(주)한국경영인증원,"33,095,614,000"
349,산업통상자원부,대양금속(주),충청남도,2019,사업장,기계,"21,690",tCO₂eq,-,-,425,TJ,-,-,(재)한국품질재단,-
350,환경부,대양제지공업(주),경기도,2019,업체,제지,"141,768",tCO₂eq,99.53,tCO2eq/억원,"1,592",TJ,1.12,TJ/억원,한국표준협회,"142,434,607,000"
351,산업통상자원부,대용산업,경기도,2019,사업장,비철금속,"5,027",tCO₂eq,-,-,102,TJ,-,-,㈜디엔브이지엘비즈니스어슈어런스코리아,-
352,환경부,대우조선해양(주),서울특별시,2019,업체,조선,"444,610",tCO₂eq,5.35,tCO2eq/억원,"7,749",TJ,0.09,TJ/억원,(재)한국품질재단,"8,317,581,776,000"
353,환경부,대원강업(주),충청남도,2019,사업장,자동차,"25,032",tCO₂eq,-,-,504,TJ,-,-,로이드인증원㈜,-
354,환경부,대원그린에너지(주),충청남도,2019,사업장,지정외 폐기물처리업,"62,817",tCO₂eq,-,-,486,TJ,-,-,한국표준협회,-
355,산업통상자원부,대원화성(주),경기도,2019,사업장,석유화학,"19,304",tCO₂eq,-,-,349,TJ,-,-,한국표준협회,-
356,환경부,대일개발 주식회사,경기도,2019,사업장,폐기물,"52,164",tCO₂eq,-,-,121,TJ,-,-,로이드인증원㈜,-
357,환경부,대전광역시,대전광역시,2019,업체,폐기물,"350,953",tCO₂eq,-,-,"2,681",TJ,-,-,이큐에이㈜,-
358,국토교통부,대전광역시도시철도공사,대전광역시,2019,사업장,교통(철도),"18,205",tCO₂eq,-,-,373,TJ,-,-,(주)한국경영인증원,-
359,환경부,대전열병합발전주식회사,대전광역시,2019,업체,산업단지,"110,182",tCO₂eq,179.37,tCO2eq/억원,"2,324",TJ,3.78,TJ/억원,한국표준협회,"61,425,629,000"
360,산업통상자원부,대창단조(주),경상남도,2019,사업장,기계,"18,598",tCO₂eq,-,-,379,TJ,-,-,이큐에이㈜,-
361,국토교통부,대창운수(주),광주광역시,2019,사업장,교통(여객),"23,730",tCO₂eq,-,-,444,TJ,-,-,한국표준협회,-
362,산업통상자원부,대한광통신 주식회사,경기도,2019,사업장,반도체.디스플레이.전기전자,"23,898",tCO₂eq,-,-,490,TJ,-,-,(주)한국경영인증원,-
363,환경부,대한방직(주),서울특별시,2019,사업장,섬유,"30,330",tCO₂eq,-,-,465,TJ,-,-,한국표준협회,-
364,농림축산식품부,대한사료(주),인천광역시,2019,사업장,식료품 제조업,"17,850",tCO₂eq,-,-,359,TJ,-,-,한국표준협회,-
365,환경부,대한석탄공사,강원도,2019,업체,광업,"263,121",tCO₂eq,449.74,tCO2eq/억원,887,TJ,1.52,TJ/억원,한국생산성본부인증원(주),"58,505,753,000"
366,산업통상자원부,대한소결금속(주),대구광역시,2019,사업장,자동차,"23,233",tCO₂eq,-,-,467,TJ,-,-,한국표준협회,-
367,환경부,대한슬래그 주식회사,전라남도,2019,사업장,요업,"31,251",tCO₂eq,-,-,568,TJ,-,-,한국표준협회,-
368,환경부,대한시멘트주식회사,전라남도,2019,사업장,시멘트,"70,217",tCO₂eq,-,-,"1,269",TJ,-,-,한국표준협회,-
369,산업통상자원부,대한약품공업(주),경기도,2019,사업장,석유화학,"17,070",tCO₂eq,-,-,334,TJ,-,-,(주)한국경영인증원,-
370,환경부,대한유화 주식회사,서울특별시,2019,업체,석유화학,"1,548,056",tCO₂eq,75.18,tCO2eq/억원,"30,329",TJ,1.47,TJ/억원,한국가스안전공사,"2,059,165,682,000"
371,환경부,대한전선 주식회사,경기도,2019,사업장,전기전자,"35,412",tCO₂eq,-,-,705,TJ,-,-,이큐에이㈜,-
372,환경부,대한제강(주),부산광역시,2019,업체,철강,"374,031",tCO₂eq,42.35,tCO2eq/억원,"6,555",TJ,0.74,TJ/억원,한국표준협회,"883,278,810,000"
373,환경부,대한제당 주식회사,인천광역시,2019,사업장,음식료품,"74,329",tCO₂eq,-,-,"1,484",TJ,-,-,(재)한국품질재단,-
374,농림축산식품부,대한제분(주),인천광역시,2019,사업장,식료품 제조업,"22,274",tCO₂eq,-,-,457,TJ,-,-,대일이엔씨기술(주),-
375,환경부,대한제지주식회사,충북,2019,업체,제지,"195,034",tCO₂eq,101.68,tCO2eq/억원,"2,482",TJ,1.29,TJ/억원,한국표준협회,"191,802,872,000"
376,산업통상자원부,대한조선주식회사,전라남도,2019,사업장,조선,"25,976",tCO₂eq,-,-,416,TJ,-,-,한국표준협회,-
377,산업통상자원부,대한특수금속(주),경상북도,2019,사업장,철강,"14,351",tCO₂eq,-,-,257,TJ,-,-,이큐에이㈜,-
378,환경부,대한항공,서을특별시,2019,업체,항공,"594,122",tCO₂eq,4.94,tCO2eq/억원,"8,956",TJ,0.07,TJ/억원,㈜디엔브이지엘비즈니스어슈어런스코리아,"12,017,744,560,000"
379,환경부,대한화섬(주),울산광역시,2019,사업장,섬유,"47,606",tCO₂eq,-,-,"1,035",TJ,-,-,한국표준협회,-
380,산업통상자원부,더블유스코프코리아(주) 1공장,충청북도,2019,사업장,석유화학,"18,009",tCO₂eq,-,-,611,TJ,-,-,㈜한국품질보증원,-
381,산업통상자원부,덴소코리아 주식회사,경상남도,2019,사업장,자동차,"14,806",tCO₂eq,-,-,297,TJ,-,-,이큐에이㈜,-
382,환경부,도레이배터리세퍼레이터필름 한국유한회사,경상북도,2019,사업장,전기전자,"127,476",tCO₂eq,-,-,"2,575",TJ,-,-,한국표준협회,-
383,환경부,도레이첨단소재 주식회사,경상북도,2019,업체,섬유,"631,712",tCO₂eq,47.64,tCO2eq/억원,"12,525",TJ,0.94,TJ/억원,(주)비에스아이그룹코리아,"1,326,128,947,000"
384,국토교통부,도명특송(주),인천광역시,2019,사업장,교통(화물),"28,016",tCO₂eq,-,-,396,TJ,-,-,한국표준협회,-
385,환경부,동국산업(주),서울특별시,2019,사업장,철강,"34,440",tCO₂eq,-,-,685,TJ,-,-,한국표준협회,-
386,환경부,동국제강 주식회사,서울특별시,2019,업체,철강,"1,878,669",tCO₂eq,37.16,tCO2eq/억원,"32,302",TJ,0.64,TJ/억원,(재)한국품질재단,"5,055,408,636,000"
387,산업통상자원부,동남정밀 주식회사,울산광역시,2019,사업장,자동차,"9,690",tCO₂eq,-,-,197,TJ,-,-,한국표준협회,-
388,환경부,동두천드림파워,경기도,2019,업체,발전 · 에너지,"2,099,932",tCO₂eq,304.6,tCO2eq/억원,"41,770",TJ,6.06,TJ/억원,대일이엔씨기술(주),"689,413,882,586"
389,환경부,동두천시공공하수처리장,경기도,2019,사업장,폐기물,"7,332",tCO₂eq,-,-,112,TJ,-,-,한국표준협회,-
390,환경부,동부인천스틸주식회사,인천광역시,2019,업체,철강,"127,105",tCO₂eq,16.36,tCO2eq/억원,"2,736",TJ,0.35,TJ/억원,(재)한국품질재단,"776,813,629,000"
391,환경부,동부제철 주식회사,서울특별시,2019,업체,철강,"260,906",tCO₂eq,15.45,tCO2eq/억원,"5,580",TJ,0.33,TJ/억원,(재)한국품질재단,"1,688,470,941,497"
392,환경부,동서석유화학 주식회사,울산광역시,2019,업체,석유화학,"414,927",tCO₂eq,37.81,tCO2eq/억원,"1,902",TJ,0.17,TJ/억원,로이드인증원㈜,"1,097,385,036,000"
393,환경부,동서식품(주),인천광역시,2019,업체,음식료품,"119,505",tCO₂eq,7.75,tCO2eq/억원,"2,585",TJ,0.17,TJ/억원,(재)한국품질재단,"1,542,863,351,849"
394,산업통상자원부,동서페더럴모굴(주),경기도,2019,사업장,자동차,"20,235",tCO₂eq,-,-,410,TJ,-,-,(주)비에스아이그룹코리아,-
395,국토교통부,동성교통(주),경기도,2019,사업장,교통(여객),"16,807",tCO₂eq,-,-,315,TJ,-,-,(주)한국경영인증원,-
396,국토교통부,동아운수(주),서울특별시,2019,사업장,교통(여객),"19,468",tCO₂eq,-,-,365,TJ,-,-,산림조합중앙회,-
397,산업통상자원부,동아타이어공업(주),경상남도,2019,사업장,석유화학,"11,977",tCO₂eq,-,-,241,TJ,-,-,한국표준협회,-
398,산업통상자원부,동양산업(주)성산지점,경상남도,2019,사업장,자동차,"15,546",tCO₂eq,-,-,318,TJ,-,-,(주)한국경영인증원,-
399,산업통상자원부,동양주공(주),인천광역시,2019,사업장,철강,"13,927",tCO₂eq,-,-,263,TJ,-,-,이큐에이㈜,-
400,환경부,동양피스톤(주),경기도,2019,사업장,자동차,"27,596",tCO₂eq,-,-,561,TJ,-,-,이큐에이㈜,-
401,환경부,동우화인켐주식회사,전라북도,2019,업체,석유화학,"427,559",tCO₂eq,17.94,tCO2eq/억원,"7,000",TJ,0.29,TJ/억원,(재)한국품질재단,"2,383,211,296,000"
402,국토교통부,동원로엑스(주),서울시,2019,업체,교통(화물),"45,593",tCO₂eq,7.68,tCO2eq/억원,673,TJ,0.11,TJ/억원,한국표준협회,"593,644,200,000"
403,환경부,동원페이퍼(주),전라북도,2019,사업장,제지,"102,336",tCO₂eq,-,-,"2,012",TJ,-,-,이큐에이㈜,-
404,산업통상자원부,동은단조(주) 밀양공장,경상남도,2019,사업장,자동차,"18,386",tCO₂eq,-,-,376,TJ,-,-,㈜한국품질보증원,-
405,산업통상자원부,동은단조(주) 부산공장,부산광역시,2019,사업장,기계,"16,542",tCO₂eq,-,-,338,TJ,-,-,㈜한국품질보증원,-
406,환경부,동일산업주식회사,경상북도,2019,업체,철강,"292,829",tCO₂eq,91.43,tCO2eq/억원,"3,598",TJ,1.12,TJ/억원,한국표준협회,"320,271,940,000"
407,산업통상자원부,동일알루미늄(주),충청남도,2019,사업장,비철금속,"16,565",tCO₂eq,-,-,338,TJ,-,-,한국표준협회,-
408,환경부,동일제강(주),경기도,2019,사업장,철강,"20,283",tCO₂eq,-,-,402,TJ,-,-,한국표준협회,-
409,산업통상자원부,동일팩키지(주)진주공장,경상남도,2019,사업장,제지,"51,258",tCO₂eq,-,-,199,TJ,-,-,(재)한국품질재단,-
410,국토교통부,동해상사고속(주),강원도,2019,사업장,교통(여객),"13,313",tCO₂eq,-,-,192,TJ,-,-,한국표준협회,-
411,환경부,동화기업(주),인천광역시,2019,사업장,목재,"117,212",tCO₂eq,-,-,"2,281",TJ,-,-,한국표준협회,-
412,산업통상자원부,동화지앤피주식회사,경기도,2019,사업장,유리 · 요업,"22,695",tCO₂eq,-,-,349,TJ,-,-,(주)한국경영인증원,-
413,환경부,동희오토(주),충청남도,2019,사업장,자동차,"37,982",tCO₂eq,-,-,762,TJ,-,-,(주)한국경영인증원,-
414,산업통상자원부,두산메카텍 주식회사,경상남도,2019,사업장,기계,"17,278",tCO₂eq,-,-,318,TJ,-,-,(주)한국경영인증원,-
415,환경부,두산인프라코어(주),인천광역시,2019,사업장,기계,"112,186",tCO₂eq,-,-,"2,142",TJ,-,-,(재)한국품질재단,-
416,환경부,두산중공업 주식회사,경상남도,2019,업체,기계,"251,642",tCO₂eq,6.79,tCO2eq/억원,"4,711",TJ,0.13,TJ/억원,(재)한국품질재단,"3,708,635,207,000"
417,환경부,두원중공업(주),경상남도,2019,사업장,기계,"29,122",tCO₂eq,-,-,593,TJ,-,-,(주)신화엔지니어링종합건축사사무소,-
418,환경부,디에스파워 주식회사,경기도,2019,업체,집단에너지,"1,211,145",tCO₂eq,315.62,tCO2eq/억원,"24,187",TJ,6.3,TJ/억원,한국표준협회,"383,733,431,000"
419,산업통상자원부,디케이동신(주),경상북도,2019,사업장,철강,"20,322",tCO₂eq,-,-,376,TJ,-,-,한국표준협회,-
420,국토교통부,람정제주개발 주식회사,제주특별자치도,2019,사업장,건물,"33,878",tCO₂eq,-,-,658,TJ,-,-,(주)한국경영인증원,-
421,환경부,롯데네슬레코리아(주),충청북도,2019,사업장,음식료품,"34,840",tCO₂eq,-,-,681,TJ,-,-,(재)한국품질재단,-
422,환경부,롯데물산(주),서울특별시,2019,업체,건물,"38,638",tCO₂eq,9.2,tCO2eq/억원,799,TJ,0.19,TJ/억원,(주)한국경영인증원,"419,979,673,451"
423,산업통상자원부,롯데베르살리스엘라스토머스(주),전라남도,2019,업체,석유화학,"67,514",tCO₂eq,149.99,tCO2eq/억원,"1,375",TJ,3.05,TJ/억원,한국표준협회,"45,013,554,012"
424,환경부,롯데비피화학 주식회사,울산광역시,2019,업체,석유화학,"165,774",tCO₂eq,29.83,tCO2eq/억원,"2,258",TJ,0.41,TJ/억원,한국표준협회,"555,779,249,174"
425,환경부,롯데쇼핑 주식회사,서울특별시,2019,업체,건물,"752,446",tCO₂eq,7.76,tCO2eq/억원,"14,867",TJ,0.15,TJ/억원,한국표준협회,"9,695,325,161,000"
426,환경부,롯데알미늄 주식회사,서울특별시,2019,사업장,비철금속,"82,986",tCO₂eq,-,-,"1,670",TJ,-,-,(재)한국품질재단,-
427,환경부,롯데엠시시 주식회사,충청남도,2019,업체,석유화학,"308,611",tCO₂eq,57.39,tCO2eq/억원,"2,625",TJ,0.49,TJ/억원,한국표준협회,"537,786,529,328"
428,환경부,롯데정밀화학 주식회사,울산광역시,2019,업체,석유화학,"669,736",tCO₂eq,51.09,tCO2eq/억원,"16,770",TJ,1.28,TJ/억원,로이드인증원㈜,"1,310,804,146,000"
429,환경부,롯데정보통신(주),서울특별시,2019,사업장,산업,"69,591",tCO₂eq,-,-,"1,429",TJ,-,-,한국표준협회,-
430,환경부,롯데제과 주식회사,서울특별시,2019,업체,음식료품,"122,872",tCO₂eq,8.03,tCO2eq/억원,"2,489",TJ,0.16,TJ/억원,(재)한국품질재단,"1,530,146,291,000"
431,환경부,롯데칠성음료 주식회사,서울특별시,2019,업체,음식료품,"148,597",tCO₂eq,6.34,tCO2eq/억원,"2,714",TJ,0.12,TJ/억원,(주)한국경영인증원,"2,343,169,358,000"
432,국토교통부,롯데컬처웍스(주),서울특별시,2019,업체,건물,"67,719",tCO₂eq,9.36,tCO2eq/억원,"1,342",TJ,0.19,TJ/억원,한국표준협회,"723,212,032,368"
433,환경부,롯데케미칼 주식회사,서울특별시,2019,업체,석유화학,"6,801,357",tCO₂eq,74.09,tCO2eq/억원,"129,243",TJ,1.41,TJ/억원,(재)한국품질재단,"9,179,765,914,000"
434,환경부,롯데푸드(주),서울특별시,2019,사업장,음식료품,"112,414",tCO₂eq,-,-,"2,236",TJ,-,-,(주)한국경영인증원,-
435,환경부,르노삼성자동차(주),부산광역시,2019,사업장,자동차,"92,541",tCO₂eq,-,-,"1,917",TJ,-,-,(재)한국품질재단,-
436,환경부,만호제강(주),부산광역시,2019,사업장,철강,"28,762",tCO₂eq,-,-,584,TJ,-,-,한국표준협회,-
437,환경부,매그나칩반도체(유),충청북도,2019,업체,반도체,"544,634",tCO₂eq,96.13,tCO2eq/억원,"4,811",TJ,0.85,TJ/억원,(주)비에스아이그룹코리아,"566,549,378,418"
438,환경부,매일유업(주),서울특별시,2019,사업장,음식료품,"115,233",tCO₂eq,-,-,"2,204",TJ,-,-,(주)한국경영인증원,-
439,국토교통부,명성운수(주),경기도,2019,사업장,교통(여객),"29,619",tCO₂eq,-,-,469,TJ,-,-,이큐에이㈜,-
440,산업통상자원부,명화공업(주) 아산공장,충청남도,2019,사업장,자동차,"22,692",tCO₂eq,-,-,457,TJ,-,-,한국표준협회,-
441,환경부,무림에스피(주),대구광역시,2019,사업장,제지,"50,621",tCO₂eq,-,-,"1,016",TJ,-,-,한국표준협회,-
442,환경부,무림파워텍 주식회사,경상남도,2019,업체,산업단지,"174,468",tCO₂eq,269.2,tCO2eq/억원,"3,047",TJ,4.7,TJ/억원,한국표준협회,"64,810,797,651"
443,환경부,무림페이퍼(주),경남,2019,업체,제지,"217,128",tCO₂eq,43.79,tCO2eq/억원,"4,592",TJ,0.93,TJ/억원,한국표준협회,"495,818,141,000"
444,환경부,무림피앤피(주),울산광역시,2019,업체,제지,"252,241",tCO₂eq,42.63,tCO2eq/억원,"14,783",TJ,2.5,TJ/억원,한국표준협회,"591,689,335,000"
445,환경부,문경시 하수도사업소,경상북도,2019,사업장,폐기물,"7,982",tCO₂eq,-,-,129,TJ,-,-,(재)한국화학융합시험연구원,-
446,국토교통부,문화방송,서울특별시,2019,사업장,건물,"17,169",tCO₂eq,-,-,367,TJ,-,-,(주)한국경영인증원,-
447,산업통상자원부,미래나노텍(주),충청북도,2019,사업장,반도체.디스플레이.전기전자,"22,075",tCO₂eq,-,-,444,TJ,-,-,(주)한국경영인증원,-
448,산업통상자원부,미쓰이케미칼앤드에스케이씨폴리우레탄 주식회사,울산광역시,2019,사업장,석유화학,"20,324",tCO₂eq,-,-,479,TJ,-,-,한국표준협회,-
449,산업통상자원부,미원스페셜티케미칼(주) 충주공장,충청북도,2019,사업장,석유화학,"30,201",tCO₂eq,-,-,603,TJ,-,-,이큐에이㈜,-
450,산업통상자원부,바스프컬러스앤이펙츠코리아(주),울산광역시,2019,사업장,석유화학,"16,241",tCO₂eq,-,-,501,TJ,-,-,(재)한국품질재단,-
451,환경부,바스프퍼포먼스폴리아마이드코리아주식회사,서울특별시,2019,사업장,석유화학,"74,290",tCO₂eq,-,-,"1,664",TJ,-,-,한국표준협회,-
452,산업통상자원부,발레오전장시스템스코리아(주),경상북도,2019,사업장,자동차,"14,232",tCO₂eq,-,-,291,TJ,-,-,(주)비에스아이그룹코리아,-
453,환경부,백광산업 주식회사,전라북도,2019,업체,석유화학,"209,425",tCO₂eq,124.27,tCO2eq/억원,"4,159",TJ,2.47,TJ/억원,한국표준협회,"168,528,542,000"
454,산업통상자원부,버슘머트리얼즈피엠코리아,울산광역시,2019,사업장,석유화학,"27,755",tCO₂eq,-,-,571,TJ,-,-,로이드인증원㈜,-
455,국토교통부,범일운수,서울특별시,2019,사업장,교통(여객),"18,456",tCO₂eq,-,-,345,TJ,-,-,(주)한국경영인증원,-
456,환경부,베올리아워터코리아대산(주),충청남도,2019,사업장,수도,"87,741",tCO₂eq,-,-,"1,797",TJ,-,-,(주)한국경영인증원,-
457,환경부,별내에너지 주식회사,경기도,2019,사업장,집단에너지,"178,048",tCO₂eq,-,-,"3,531",TJ,-,-,한국표준협회,-
458,환경부,보령시 생활폐기물처리장,충청남도,2019,사업장,지정외 폐기물처리업 등,"40,667",tCO₂eq,-,-,164,TJ,-,-,한국표준협회,-
459,산업통상자원부,보령엘엔지터미널 주식회사,충청남도,2019,사업장,발전에너지,"37,910",tCO₂eq,-,-,756,TJ,-,-,㈜한국품질보증원,-
460,국토교통부,보영운수(주),경기도,2019,사업장,교통(여객),"18,429",tCO₂eq,-,-,301,TJ,-,-,한국표준협회,-
461,산업통상자원부,볼보그룹코리아(주),경상남도,2019,사업장,기계,"20,767",tCO₂eq,-,-,401,TJ,-,-,한국표준협회,-
462,환경부,부산광역시,부산광역시,2019,업체,폐기물,"834,474",tCO₂eq,-,-,"7,865",TJ,-,-,(주)신화엔지니어링종합건축사사무소,-
463,국토교통부,부산교통(주),경상남도,2019,사업장,교통(여객),"16,906",tCO₂eq,-,-,243,TJ,-,-,한국표준협회,-
464,국토교통부,부산교통공사,부산광역시,2019,업체,교통(철도),"163,404",tCO₂eq,52.51,tCO2eq/억원,"3,359",TJ,1.08,TJ/억원,한국표준협회,"311,202,774,000"
465,국토교통부,부산대학교,부산광역시,2019,사업장,건물,"24,471",tCO₂eq,-,-,501,TJ,-,-,㈜한국품질보증원,-
466,국토교통부,부산대학교병원,부산광역시,2019,사업장,건물,"18,178",tCO₂eq,-,-,370,TJ,-,-,한국표준협회,-
467,환경부,부산정관에너지(주),부산광역시,2019,사업장,집단에너지,"65,040",tCO₂eq,-,-,"1,290",TJ,-,-,(주)신화엔지니어링종합건축사사무소,-
468,환경부,부산주공(주),울산광역시,2019,사업장,자동차,"118,940",tCO₂eq,-,-,"2,207",TJ,-,-,㈜한국품질보증원,-
469,환경부,부산패션칼라산업협동조합,부산광역시,2019,업체,산업단지,"165,136",tCO₂eq,-,-,"2,361",TJ,-,-,이큐에이㈜,-
470,환경부,부천시,경기도,2019,업체,폐기물,"168,109",tCO₂eq,-,-,"1,679",TJ,-,-,㈜한국품질보증원,-
471,환경부,부흥석회,충청북도,2019,사업장,시멘트,"18,531",tCO₂eq,-,-,52,TJ,-,-,한국생산성본부인증원(주),-
472,국토교통부,북부운수(주),서울특별시,2019,사업장,교통(여객),"15,469",tCO₂eq,-,-,290,TJ,-,-,산림조합중앙회,-
473,농림축산식품부,브리티쉬아메리칸토바코코리아제조(주),경상남도,2019,사업장,담배제조업,"22,331",tCO₂eq,-,-,455,TJ,-,-,한국표준협회,-
474,환경부,브이피에이치메탈 유한회사,경상북도,2019,사업장,철강,"31,236",tCO₂eq,-,-,572,TJ,-,-,㈜한국품질보증원,-
475,환경부,비노텍 주식회사,경기도,2019,사업장,폐기물,"92,094",tCO₂eq,-,-,73,TJ,-,-,이큐에이㈜,-
476,환경부,비를라카본코리아(주),전라남도,2019,사업장,석유화학,"123,415",tCO₂eq,-,-,463,TJ,-,-,(재)한국품질재단,-
477,환경부,사회복지법인 삼성생명공익재단,서울특별시,2019,사업장,건물,"87,752",tCO₂eq,-,-,"1,778",TJ,-,-,(재)한국품질재단,-
478,환경부,삼강에스앤씨(주),경상남도,2019,사업장,조선,"25,780",tCO₂eq,-,-,403,TJ,-,-,(재)한국품질재단,-
479,환경부,삼강엠앤티,경상남도,2019,사업장,조선,"24,152",tCO₂eq,-,-,407,TJ,-,-,한국표준협회,-
623,환경부,에스케이씨코오롱피아이 주식회사,경기도,2019,사업장,석유화학,"91,755",tCO₂eq,-,-,"1,433",TJ,-,-,(재)한국품질재단,-
481,환경부,삼남석유화학주식회사,서울특별시,2019,업체,석유화학,"201,523",tCO₂eq,23.18,tCO2eq/억원,"2,640",TJ,0.3,TJ/억원,한국표준협회,"869,289,691,000"
482,산업통상자원부,삼미금속(주),경상남도,2019,사업장,철강,"18,215",tCO₂eq,-,-,366,TJ,-,-,한국표준협회,-
483,환경부,삼보산업 주식회사,경상남도,2019,사업장,비철금속,"22,796",tCO₂eq,-,-,337,TJ,-,-,한국표준협회,-
484,환경부,삼성디스플레이 주식회사,경기도,2019,업체,디스플레이,"4,790,723",tCO₂eq,17.69,tCO2eq/억원,"79,917",TJ,0.3,TJ/억원,(주)비에스아이그룹코리아,"27,088,475,000,000"
485,국토교통부,삼성물산 주식회사,서울특별시,2019,업체,건설,"125,756",tCO₂eq,0.63,tCO2eq/억원,"2,589",TJ,0.01,TJ/억원,(주)한국경영인증원,"19,983,631,881,000"
486,환경부,삼성바이오로직스 주식회사,인천광역시,2019,사업장,석유화학,"119,791",tCO₂eq,-,-,"2,427",TJ,-,-,(재)한국품질재단,-
487,환경부,삼성생명보험 주식회사,서울특별시,2019,업체,건물,"74,600",tCO₂eq,0.28,tCO2eq/억원,"1,048",TJ,0,TJ/억원,(재)한국품질재단,"27,091,805,000,000"
488,환경부,삼성에스디아이 주식회사,경기도,2019,업체,전기전자,"536,928",tCO₂eq,6.51,tCO2eq/억원,"11,145",TJ,0.14,TJ/억원,(재)한국품질재단,"8,250,811,205,000"
489,환경부,삼성에스디에스(주),서울특별시,2019,사업장,통신,"97,073",tCO₂eq,-,-,"1,983",TJ,-,-,(주)한국경영인증원,-
490,환경부,삼성전기 주식회사,경기도,2019,업체,전기전자,"442,593",tCO₂eq,8.81,tCO2eq/억원,"9,275",TJ,0.18,TJ/억원,(주)비에스아이그룹코리아,"5,024,485,268,000"
491,환경부,삼성전자 주식회사,경기도,2019,업체,반도체,"11,131,587",tCO₂eq,7.19,tCO2eq/억원,"161,123",TJ,0.1,TJ/억원,(재)한국품질재단,"154,772,859,000,000"
492,환경부,삼성중공업 주식회사,경기도,2019,업체,조선,"326,915",tCO₂eq,4.61,tCO2eq/억원,"5,428",TJ,0.08,TJ/억원,한국표준협회,"7,098,805,562,000"
493,산업통상자원부,삼성코닝어드밴스드글라스 구미공장,경상북도,2019,사업장,유리 · 요업,"13,253",tCO₂eq,-,-,289,TJ,-,-,로이드인증원㈜,-
494,산업통상자원부,삼성코닝어드밴스드글라스 아산공장,충청남도,2019,사업장,유리 · 요업,"41,522",tCO₂eq,-,-,837,TJ,-,-,로이드인증원㈜,-
495,산업통상자원부,삼신정밀(주),경상남도,2019,사업장,자동차,"19,786",tCO₂eq,-,-,402,TJ,-,-,한국표준협회,-
496,산업통상자원부,삼아알미늄주식회사,경기도,2019,사업장,비철금속,"17,454",tCO₂eq,-,-,350,TJ,-,-,한국표준협회,-
625,환경부,에스케이아이이테크놀로지주식회사,-,2019,사업장,산업,"111,485",tCO₂eq,-,-,"2,260",TJ,-,-,한국표준협회,-
498,환경부,삼양이노켐 주식회사,전라북도,2019,사업장,석유화학,"78,689",tCO₂eq,-,-,"1,538",TJ,-,-,한국표준협회,-
499,산업통상자원부,삼양통상(주),경기도,2019,사업장,섬유,"16,143",tCO₂eq,-,-,324,TJ,-,-,이큐에이㈜,-
500,환경부,삼양화성주식회사,서울특별시,2019,사업장,석유화학,"98,591",tCO₂eq,-,-,"3,408",TJ,-,-,한국표준협회,-
501,환경부,삼영산업,경상남도,2019,사업장,요업,"20,006",tCO₂eq,-,-,352,TJ,-,-,이큐에이㈜,-
502,산업통상자원부,삼영엠텍(주),경상남도,2019,사업장,철강,"15,152",tCO₂eq,-,-,307,TJ,-,-,한국표준협회,-
503,국토교통부,삼영운수(주),경기도,2019,사업장,교통(여객),"34,928",tCO₂eq,-,-,586,TJ,-,-,한국표준협회,-
504,환경부,삼영전자공업(주),경기도,2019,업체,전기전자,"101,125",tCO₂eq,58.95,tCO2eq/억원,"2,072",TJ,1.21,TJ/억원,한국산업기술시험원,"171,534,808,000"
505,환경부,삼영화학공업(주),충청북도,2019,사업장,석유화학,"30,562",tCO₂eq,-,-,621,TJ,-,-,한국표준협회,-
506,산업통상자원부,삼우중공업 주식회사,전라남도,2019,사업장,조선,"22,733",tCO₂eq,-,-,358,TJ,-,-,(주)한국경영인증원,-
507,환경부,삼정펄프(주),경기도,2019,업체,제지,"165,194",tCO₂eq,112.33,tCO2eq/억원,"1,466",TJ,1,TJ/억원,(주)비에스아이그룹코리아,"147,064,265,000"
508,환경부,삼표시멘트,강원도,2019,업체,시멘트,"7,065,280",tCO₂eq,"1,203.07",tCO2eq/억원,"39,593",TJ,6.74,TJ/억원,(재)한국품질재단,"587,272,635,000"
509,산업통상자원부,삼표자원개발주식회사,강원도,2019,사업장,광업,"35,620",tCO₂eq,-,-,640,TJ,-,-,(재)한국품질재단,-
510,산업통상자원부,삼호제강주식회사,인천광역시,2019,사업장,철강,"17,471",tCO₂eq,-,-,347,TJ,-,-,이큐에이㈜,-
511,산업통상자원부,삼화왕관(주),경기도,2019,사업장,기계,"18,345",tCO₂eq,-,-,353,TJ,-,-,한국표준협회,-
512,환경부,삼화제지(주),충청북도,2019,사업장,제지,"20,447",tCO₂eq,-,-,741,TJ,-,-,한국표준협회,-
513,환경부,삼흥열처리,경상남도,2019,사업장,기계,"28,856",tCO₂eq,-,-,585,TJ,-,-,이큐에이㈜,-
514,해양수산부,상지해운(주),전라남도,2019,사업장,교통(해운),"15,122",tCO₂eq,-,-,206,TJ,-,-,㈜디엔브이지엘비즈니스어슈어런스코리아,-
515,산업통상자원부,새론오토모티브(주),충청남도,2019,사업장,자동차,"22,154",tCO₂eq,-,-,347,TJ,-,-,이큐에이㈜,-
516,국토교통부,새한특수(주),인천광역시,2019,사업장,교통(화물),"17,879",tCO₂eq,-,-,253,TJ,-,-,한국표준협회,-
517,환경부,생고뱅이소바코리아 주식회사,충청남도,2019,사업장,유리,"35,013",tCO₂eq,-,-,685,TJ,-,-,이큐에이㈜,-
518,환경부,서산시 공공하수처리장,충청남도,2019,사업장,하수처리업,"22,998",tCO₂eq,-,-,119,TJ,-,-,한국표준협회,-
519,농림축산식품부,서안주정(주),전라북도,2019,사업장,음료제조업,"7,766",tCO₂eq,-,-,274,TJ,-,-,지속가능인증원주식회사,-
520,농림축산식품부,서영주정(주),전라북도,2019,사업장,음료제조업,"19,590",tCO₂eq,-,-,439,TJ,-,-,(재)한국품질재단,-
521,국토교통부,서울교통공사,서울특별시,2019,업체,교통(철도),"662,795",tCO₂eq,33.06,tCO2eq/억원,"13,633",TJ,0.68,TJ/억원,대일이엔씨기술(주),"2,004,643,402,000"
522,국토교통부,서울교통네트웍(주),서울특별시,2019,사업장,교통(여객),"15,750",tCO₂eq,-,-,295,TJ,-,-,(주)한국경영인증원,-
523,산업통상자원부,서울냉열 주식회사,경기도,2019,사업장,석유화학,"15,128",tCO₂eq,-,-,311,TJ,-,-,이큐에이㈜,-
524,환경부,서울대학교병원,서울특별시,2019,사업장,건물,"85,422",tCO₂eq,-,-,"1,759",TJ,-,-,한국표준협회,-
525,환경부,서울바이오시스(주),경기도,2019,사업장,반도체,"86,156",tCO₂eq,-,-,"1,560",TJ,-,-,로이드인증원㈜,-
526,산업통상자원부,서울반도체,경기도,2019,사업장,반도체.디스플레이.전기전자,"16,587",tCO₂eq,-,-,339,TJ,-,-,로이드인증원㈜,-
527,국토교통부,서울시메트로 9호선(주),서울특별시,2019,사업장,교통(철도),"41,712",tCO₂eq,-,-,857,TJ,-,-,(주)한국경영인증원,-
528,환경부,서울에너지공사,서울특별시,2019,업체,집단에너지,"253,603",tCO₂eq,163.47,tCO2eq/억원,"6,287",TJ,4.05,TJ/억원,한국표준협회,"155,141,343,023"
529,농림축산식품부,서울우유협동조합,서울특별시,2019,업체,식료품 제조업,"66,913",tCO₂eq,3.88,tCO2eq/억원,"1,321",TJ,0.08,TJ/억원,한국표준협회,"1,724,467,302,000"
530,환경부,서울특별시,서울특별시,2019,업체,폐기물,"1,401,505",tCO₂eq,-,-,"12,426",TJ,-,-,(재)한국품질재단,-
531,환경부,서울특별시농수산식품공사,서울특별시,2019,사업장,건물,"56,082",tCO₂eq,-,-,"1,150",TJ,-,-,(주)한국경영인증원,-
532,국토교통부,서울파이낸스센터(주),서울특별시,2019,사업장,건물,"12,569",tCO₂eq,-,-,256,TJ,-,-,한국생산성본부인증원(주),-
533,환경부,서한이앤피주식회사,경상북도,2019,사업장,기계,"65,681",tCO₂eq,-,-,"1,299",TJ,-,-,이큐에이㈜,-
534,산업통상자원부,선도화학(주),충청남도,2019,사업장,석유화학,"24,535",tCO₂eq,-,-,504,TJ,-,-,한국가스안전공사,-
535,국토교통부,선진버스(주),경기도,2019,사업장,교통(여객),"29,544",tCO₂eq,-,-,545,TJ,-,-,(주)한국경영인증원,-
536,환경부,선창산업(주),인천광역시,2019,사업장,목재,"69,727",tCO₂eq,-,-,"2,760",TJ,-,-,한국표준협회,-
537,환경부,성남시,경기도,2019,업체,폐기물,"248,562",tCO₂eq,-,-,"1,938",TJ,-,-,㈜한국품질보증원,-
538,국토교통부,성남시내버스(주),경기도,2019,사업장,교통(여객),"36,942",tCO₂eq,-,-,644,TJ,-,-,㈜한국품질보증원,-
628,환경부,에스케이에어가스 주식회사,울산광역시,2019,업체,석유화학,"201,071",tCO₂eq,127.82,tCO2eq/억원,"4,148",TJ,2.64,TJ/억원,한국표준협회,"157,308,871,601"
540,환경부,성림유화 주식회사,경기도,2019,업체,폐기물,"232,190",tCO₂eq,667.9,tCO2eq/억원,225,TJ,0.65,TJ/억원,로이드인증원㈜,"34,764,392,000"
541,산업통상자원부,성보공업(주),인천광역시,2019,사업장,철강,"16,975",tCO₂eq,-,-,319,TJ,-,-,한국표준협회,-
542,환경부,성신양회(주),서울특별시,2019,업체,시멘트,"5,141,719",tCO₂eq,972.45,tCO2eq/억원,"27,293",TJ,5.16,TJ/억원,한국표준협회,"528,739,216,000"
543,환경부,성안합섬(주),경상북도,2019,사업장,섬유,"73,595",tCO₂eq,-,-,"1,485",TJ,-,-,이큐에이㈜,-
544,산업통상자원부,성일요업주식회사,경기도,2019,사업장,유리 · 요업,"18,225",tCO₂eq,-,-,346,TJ,-,-,한국표준협회,-
545,환경부,성창보드(주),울산광역시,2019,사업장,목재,"27,254",tCO₂eq,-,-,550,TJ,-,-,㈜한국품질보증원,-
546,환경부,성훈엔지니어링주식회사,경기도,2019,사업장,비철금속,"38,609",tCO₂eq,-,-,764,TJ,-,-,한국가스안전공사,-
547,산업통상자원부,세메스(주),충청남도,2019,사업장,기계,"25,959",tCO₂eq,-,-,487,TJ,-,-,(재)한국품질재단,-
548,국토교통부,세방(주),부산광역시,2019,사업장,교통(화물),"25,935",tCO₂eq,-,-,403,TJ,-,-,(주)한국경영인증원,-
549,환경부,세방전지(주),서울,2019,사업장,전기전자,"128,871",tCO₂eq,-,-,"2,627",TJ,-,-,이큐에이㈜,-
550,산업통상자원부,세일철강(주),충청남도,2019,사업장,철강,"2,742",tCO₂eq,-,-,52,TJ,-,-,(재)한국품질재단,-
551,환경부,세하(주),대구,2019,업체,제지,"155,722",tCO₂eq,87.65,tCO2eq/억원,"1,798",TJ,1.01,TJ/억원,이큐에이㈜,"177,653,879,000"
552,산업통상자원부,세화금속공업(주) 다산공장,경상북도,2019,사업장,철강,"15,993",tCO₂eq,-,-,294,TJ,-,-,이큐에이㈜,-
553,환경부,셀트리온,인천광역시,2019,사업장,석유화학,"48,530",tCO₂eq,-,-,983,TJ,-,-,산림조합중앙회,-
755,환경부,주식회사 디비하이텍,서울특별시,2019,업체,반도체,"311,816",tCO₂eq,38.62,tCO2eq/억원,"3,646",TJ,0.45,TJ/억원,(주)비에스아이그룹코리아,"807,416,423,000"
555,국토교통부,소신여객자동차(주),경기도,2019,사업장,교통(여객),"27,697",tCO₂eq,-,-,501,TJ,-,-,한국표준협회,-
556,환경부,속초시 환경자원사업소,강원도,2019,사업장,지정외 폐기물처리업,"19,238",tCO₂eq,-,-,319,TJ,-,-,(주)한국경영인증원,-
557,환경부,솔베이실리카코리아(주),인천광역시,2019,사업장,석유화학,"35,722",tCO₂eq,-,-,776,TJ,-,-,이큐에이㈜,-
558,환경부,솔브레인에스엘디 주식회사,충청남도,2019,사업장,디스플레이,"48,159",tCO₂eq,-,-,989,TJ,-,-,㈜한국품질보증원,-
559,환경부,송원산업(주),울산광역시,2019,업체,석유화학,"156,673",tCO₂eq,24.01,tCO2eq/억원,"3,041",TJ,0.47,TJ/억원,한국표준협회,"652,416,000,000"
560,환경부,송학제지(주),경상남도,2019,사업장,제지,"32,433",tCO₂eq,-,-,232,TJ,-,-,이큐에이㈜,-
561,환경부,수도권매립지관리공사,인천광역시,2019,업체,폐기물,"1,474,771",tCO₂eq,665.37,tCO2eq/억원,"5,114",TJ,2.31,TJ/억원,한국산업기술시험원,"221,647,000,000"
562,환경부,수완에너지 주식회사,광주광역시,2019,업체,집단에너지,"167,142",tCO₂eq,246.72,tCO2eq/억원,"3,313",TJ,4.89,TJ/억원,대일이엔씨기술(주),"67,745,027,000"
563,환경부,수원시,경기도,2019,업체,폐기물,"179,869",tCO₂eq,-,-,"1,545",TJ,-,-,㈜한국품질보증원,-
564,국토교통부,수원애경역사(주),경기도,2019,사업장,건물,"17,499",tCO₂eq,-,-,355,TJ,-,-,한국표준협회,-
565,국토교통부,수원여객운수(주),경기도,2019,업체,교통(여객),"46,666",tCO₂eq,51.23,tCO2eq/억원,863,TJ,0.95,TJ/억원,한국표준협회,"91,094,275,000"
566,환경부,순천시,전라남도,2019,업체,폐기물,"46,317",tCO₂eq,-,-,497,TJ,-,-,한국산업기술시험원,-
567,산업통상자원부,스미토모세이카폴리머스코리아(주),전라남도,2019,사업장,석유화학,"23,821",tCO₂eq,-,-,"1,124",TJ,-,-,한국표준협회,-
568,환경부,스테코(주),충청남도,2019,사업장,전기전자,"39,995",tCO₂eq,-,-,819,TJ,-,-,한국표준협회,-
569,환경부,스템코(주),충청북도,2019,사업장,반도체,"56,053",tCO₂eq,-,-,"1,221",TJ,-,-,(주)한국경영인증원,-
570,환경부,시그네틱스(주),경기도,2019,사업장,반도체,"41,959",tCO₂eq,-,-,856,TJ,-,-,(주)한국경영인증원,-
571,환경부,시흥시,경기도,2019,사업장,폐기물,"115,047",tCO₂eq,-,-,788,TJ,-,-,(재)한국품질재단,-
572,환경부,신대양제지(주),경기도,2019,업체,제지,"212,791",tCO₂eq,82.34,tCO2eq/억원,"1,726",TJ,0.67,TJ/억원,한국표준협회,"258,433,074,000"
573,환경부,신대양제지반월(주),경기도,2019,사업장,산업,"101,702",tCO₂eq,-,-,774,TJ,-,-,한국표준협회,-
574,환경부,신대일제지공업(주),대구광역시,2019,사업장,제지,"88,724",tCO₂eq,-,-,372,TJ,-,-,이큐에이㈜,-
575,환경부,신대한정유산업 주식회사,경기도,2019,사업장,폐기물,"89,345",tCO₂eq,-,-,150,TJ,-,-,(주)한국경영인증원,-
576,국토교통부,신도림테크노마트 주식회사,서울특별시,2019,사업장,건물,"16,491",tCO₂eq,-,-,337,TJ,-,-,(주)한국경영인증원,-
577,국토교통부,신분당선(주),경기도,2019,사업장,교통(철도),"25,936",tCO₂eq,-,-,534,TJ,-,-,(주)한국경영인증원,-
578,국토교통부,신성교통(주),경기도,2019,사업장,교통(여객),"29,007",tCO₂eq,-,-,515,TJ,-,-,대일이엔씨기술(주),-
579,국토교통부,신안종합리조트(주),강원도,2019,사업장,건물,"15,047",tCO₂eq,-,-,298,TJ,-,-,(주)한국경영인증원,-
580,산업통상자원부,신양금속공업(주) 제1공장,경기도,2019,사업장,비철금속,"14,467",tCO₂eq,-,-,305,TJ,-,-,한국표준협회,-
581,환경부,신창제지공업주식회사,충청남도,2019,사업장,제지,"33,528",tCO₂eq,-,-,677,TJ,-,-,한국표준협회,-
582,환경부,신풍제지(주),경기도,2019,사업장,제지,"98,736",tCO₂eq,-,-,"1,763",TJ,-,-,(재)한국품질재단,-
583,산업통상자원부,신한방직 주식회사,전라북도,2019,사업장,섬유,"9,796",tCO₂eq,-,-,201,TJ,-,-,이큐에이㈜,-
584,산업통상자원부,신한중공업(주),울산광역시,2019,사업장,조선,"22,083",tCO₂eq,-,-,374,TJ,-,-,㈜한국품질보증원,-
585,산업통상자원부,신화인터텍(주),충청남도,2019,사업장,반도체.디스플레이.전기전자,"18,048",tCO₂eq,-,-,364,TJ,-,-,한국표준협회,-
586,산업통상자원부,쌍용기초소재(주),전라북도,2019,사업장,시멘트,"20,892",tCO₂eq,-,-,373,TJ,-,-,한국표준협회,-
761,환경부,주식회사 삼기오토모티브 서산공장,충청남도,2019,사업장,자동차,"54,019",tCO₂eq,-,-,"1,016",TJ,-,-,이큐에이㈜,-
588,환경부,쌍용양회공업 주식회사,서울특별시,2019,업체,시멘트,"10,794,303",tCO₂eq,"1,033.18",tCO2eq/억원,"57,038",TJ,5.46,TJ/억원,한국표준협회,"1,044,759,954,868"
589,환경부,쌍용자동차(주),경기도,2019,업체,자동차,"125,522",tCO₂eq,3.46,tCO2eq/억원,"2,496",TJ,0.07,TJ/억원,㈜한국품질보증원,"3,626,261,374,000"
590,환경부,씨엔씨티에너지 주식회사,대전광역시,2019,사업장,집단에너지,"43,837",tCO₂eq,-,-,879,TJ,-,-,로이드인증원㈜,-
591,해양수산부,씨월드고속훼리(주),전라남도,2019,업체,교통(해운),"88,096",tCO₂eq,117.47,tCO2eq/억원,"1,206",TJ,1.61,TJ/억원,(주)한국경영인증원,"74,996,619,000"
592,국토교통부,씨제이씨지브이(주),서울특별시,2019,업체,건물,"82,932",tCO₂eq,7.93,tCO2eq/억원,"1,649",TJ,0.16,TJ/억원,(재)한국품질재단,"1,046,370,347,000"
593,환경부,씨지앤율촌전력 주식회사,전라남도,2019,업체,발전 · 에너지,"2,544,530",tCO₂eq,298.84,tCO2eq/억원,"49,071",TJ,5.76,TJ/억원,㈜한국품질보증원,"851,457,432,000"
594,산업통상자원부,아름일렉트로닉스 주식회사,경기도,2019,사업장,반도체.디스플레이.전기전자,"14,365",tCO₂eq,-,-,294,TJ,-,-,(주)한국경영인증원,-
595,환경부,아반스트레이트코리아 주식회사,경기도,2019,사업장,유리,"33,709",tCO₂eq,-,-,659,TJ,-,-,㈜한국품질보증원,-
596,산업통상자원부,아비코테크 주식회사,충청북도,2019,사업장,반도체.디스플레이.전기전자,"14,042",tCO₂eq,-,-,287,TJ,-,-,(주)한국경영인증원,-
597,환경부,아사히피디글라스한국(주),경상북도,2019,사업장,유리,76,tCO₂eq,-,-,1,TJ,-,-,㈜디엔브이지엘비즈니스어슈어런스코리아,-
598,환경부,아산시,충청남도,2019,사업장,폐기물,"38,261",tCO₂eq,-,-,470,TJ,-,-,㈜한국품질보증원,-
599,환경부,아세아시멘트 주식회사,서울특별시,2019,업체,시멘트,"2,471,660",tCO₂eq,645.7,tCO2eq/억원,"14,423",TJ,3.77,TJ/억원,한국표준협회,"382,787,534,000"
600,환경부,아세아제지(주),세종특별자치시,2019,업체,제지,"472,979",tCO₂eq,112.97,tCO2eq/억원,"4,233",TJ,1.01,TJ/억원,한국표준협회,"418,694,286,000"
601,환경부,아시아나항공,서울특별시,2019,업체,항공,"373,090",tCO₂eq,6.3,tCO2eq/억원,"5,462",TJ,0.09,TJ/억원,로이드인증원㈜,"5,924,465,030,000"
602,환경부,아이에스동서(주),서울특별시,2019,사업장,산업,"84,053",tCO₂eq,-,-,"1,555",TJ,-,-,한국표준협회,-
603,국토교통부,아주대학교의료원,경기도,2019,사업장,건물,"27,268",tCO₂eq,-,-,552,TJ,-,-,한국생산성본부인증원(주),-
604,환경부,안동시,경상북도,2019,사업장,폐기물,"47,736",tCO₂eq,-,-,404,TJ,-,-,(재)한국품질재단,-
605,산업통상자원부,안산도시개발(주),경기도,2019,사업장,발전에너지,"14,264",tCO₂eq,-,-,481,TJ,-,-,한국가스안전공사,-
606,환경부,안산시,경기도,2019,업체,폐기물,"122,182",tCO₂eq,-,-,"1,525",TJ,-,-,㈜한국품질보증원,-
607,환경부,안양시,경기도,2019,업체,폐기물,"105,733",tCO₂eq,-,-,"1,192",TJ,-,-,㈜한국품질보증원,-
608,환경부,애경유화(주),울산광역시,2019,업체,석유화학,"153,450",tCO₂eq,19,tCO2eq/억원,"1,388",TJ,0.17,TJ/억원,한국표준협회,"807,463,497,000"
609,환경부,앰코테크놀로지코리아(주),광주광역시,2019,업체,반도체,"210,470",tCO₂eq,12.46,tCO2eq/억원,"4,284",TJ,0.25,TJ/억원,(주)비에스아이그룹코리아,"1,688,886,770,000"
610,국토교통부,양산부산대학교병원,경상남도,2019,사업장,건물,"20,502",tCO₂eq,-,-,418,TJ,-,-,한국산업기술시험원,-
611,환경부,양산시,경상남도,2019,사업장,폐기물,"122,666",tCO₂eq,-,-,831,TJ,-,-,(재)한국품질재단,-
612,환경부,양주시,경기도,2019,사업장,폐기물,"72,830",tCO₂eq,-,-,735,TJ,-,-,㈜한국품질보증원,-
613,환경부,에너원(주),전라북도,2019,사업장,산업단지,"38,033",tCO₂eq,-,-,436,TJ,-,-,(주)한국경영인증원,-
614,환경부,에스에스엘엠 주식회사,대구광역시,2019,사업장,반도체,"24,277",tCO₂eq,-,-,491,TJ,-,-,한국표준협회,-
780,환경부,주식회사 에쓰큐씨,-,2019,사업장,산업,"134,801",tCO₂eq,-,-,884,TJ,-,-,(주)신화엔지니어링종합건축사사무소,-
616,산업통상자원부,에스케이가스(주),울산광역시,2019,사업장,발전에너지,"25,790",tCO₂eq,-,-,437,TJ,-,-,(재)한국품질재단,-
800,환경부,주식회사 케이씨씨글라스,-,2019,업체,유리,"752,079",tCO₂eq,-,-,"8,750",TJ,-,-,(재)한국품질재단,-
618,환경부,에스케이루브리컨츠 주식회사,서울특별시,2019,업체,정유,"178,311",tCO₂eq,12.37,tCO2eq/억원,"5,622",TJ,0.39,TJ/억원,한국표준협회,"1,441,201,705,000"
619,환경부,에스케이머티리얼즈 주식회사,경상북도,2019,업체,석유화학,"246,868",tCO₂eq,54.3,tCO2eq/억원,"5,053",TJ,1.11,TJ/억원,한국가스안전공사,"454,649,037,000"
620,환경부,에스케이실트론 주식회사,경상북도,2019,업체,반도체,"357,560",tCO₂eq,23.2,tCO2eq/억원,"7,363",TJ,0.48,TJ/억원,로이드인증원㈜,"1,541,537,626,000"
621,환경부,에스케이씨 주식회사,경기도,2019,업체,석유화학,"761,517",tCO₂eq,61.92,tCO2eq/억원,"13,475",TJ,1.1,TJ/억원,한국표준협회,"1,229,900,590,000"
622,산업통상자원부,에스케이씨솔믹스주식회사,경기도,2019,사업장,반도체.디스플레이.전기전자,"10,849",tCO₂eq,-,-,222,TJ,-,-,한국표준협회,-
883,환경부,통영시 환경자원화센터,경상남도,2019,사업장,폐기물,"32,869",tCO₂eq,-,-,179,TJ,-,-,(재)한국품질재단,-
624,환경부,에스케이씨하이테크앤마케팅(주),충청남도,2019,사업장,석유화학,"32,899",tCO₂eq,-,-,585,TJ,-,-,(재)한국품질재단,-
903,환경부,프렉스에어코리아 주식회사,서울특별시,2019,업체,석유화학,"635,596",tCO₂eq,106.37,tCO2eq/억원,"13,069",TJ,2.19,TJ/억원,(재)한국품질재단,"597,553,848,005"
626,산업통상자원부,에스케이어드밴스드주식회사,울산광역시,2019,업체,석유화학,"781,894",tCO₂eq,100.14,tCO2eq/억원,"13,073",TJ,1.67,TJ/억원,한국표준협회,"780,772,615,908"
627,환경부,에스케이에너지 주식회사,서울특별시,2019,업체,정유,"7,248,678",tCO₂eq,22.47,tCO2eq/억원,"80,503",TJ,0.25,TJ/억원,한국표준협회,"32,253,827,526,000"
905,환경부,하남시 환경기초시설,경기도,2019,사업장,폐기물,"28,536",tCO₂eq,-,-,415,TJ,-,-,(재)한국품질재단,-
629,환경부,에스케이이엔에스 주식회사,서울특별시,2019,업체,발전 · 에너지,"2,880,322",tCO₂eq,353.51,tCO2eq/억원,"57,768",TJ,7.09,TJ/억원,(주)한국경영인증원,"814,768,088,761"
630,환경부,에스케이종합화학 주식회사,서울특별시,2019,업체,석유화학,"3,207,910",tCO₂eq,32.42,tCO2eq/억원,"60,319",TJ,0.61,TJ/억원,한국표준협회,"9,894,987,657,000"
631,환경부,에스케이케미칼(주),경기도,2019,업체,석유화학,"508,742",tCO₂eq,58.48,tCO2eq/억원,"7,807",TJ,0.9,TJ/억원,(주)비에스아이그룹코리아,"869,939,186,000"
632,환경부,에스케이텔레콤 주식회사,서울특별시,2019,업체,통신,"1,005,576",tCO₂eq,8.8,tCO2eq/억원,"20,664",TJ,0.18,TJ/억원,㈜디엔브이지엘비즈니스어슈어런스코리아,"11,421,342,000,000"
633,환경부,에스케이하이닉스 시스템아이씨(주),충청북도,2019,업체,반도체,"286,940",tCO₂eq,43.38,tCO2eq/억원,"4,402",TJ,0.67,TJ/억원,(주)비에스아이그룹코리아,"661,510,786,151"
634,환경부,에스케이하이닉스 주식회사,경기도,2019,업체,반도체,"4,261,189",tCO₂eq,16.83,tCO2eq/억원,"77,497",TJ,0.31,TJ/억원,(주)비에스아이그룹코리아,"25,320,755,000,000"
635,환경부,에스폼(주),경기도,2019,사업장,산업,"32,848",tCO₂eq,-,-,586,TJ,-,-,한국표준협회,-
636,환경부,에스피엘(주),경기도,2019,사업장,음식료품,"27,207",tCO₂eq,-,-,618,TJ,-,-,(주)비에스아이그룹코리아,-
637,환경부,에어리퀴드코리아 주식회사,서울특별시,2019,업체,석유화학,"207,229",tCO₂eq,73.67,tCO2eq/억원,"2,776",TJ,0.99,TJ/억원,로이드인증원㈜,"281,295,986,680"
638,환경부,에어부산(주),부산광역시,2019,업체,항공,"209,317",tCO₂eq,33.06,tCO2eq/억원,"3,003",TJ,0.47,TJ/억원,한국표준협회,"633,183,493,000"
639,환경부,에어프로덕츠코리아 주식회사,경기도,2019,업체,석유화학,"832,324",tCO₂eq,140.85,tCO2eq/억원,"17,027",TJ,2.88,TJ/억원,로이드인증원㈜,"590,948,107,000"
640,환경부,에이에스이코리아주식회사,경기도,2019,사업장,반도체,"89,450",tCO₂eq,-,-,"1,825",TJ,-,-,(재)한국품질재단,-
641,산업통상자원부,에이지씨디스플레이글라스 오창 주식회사,충청북도,2019,사업장,유리 · 요업,"16,878",tCO₂eq,-,-,347,TJ,-,-,㈜디엔브이지엘비즈니스어슈어런스코리아,-
642,환경부,에이지씨화인테크노한국주식회사,경상북도,2019,업체,유리,"251,149",tCO₂eq,67.32,tCO2eq/억원,"4,876",TJ,1.31,TJ/억원,㈜디엔브이지엘비즈니스어슈어런스코리아,"373,056,059,888"
643,국토교통부,에이치디씨아이파크몰 주식회사,서울특별시,2019,사업장,건물,"19,531",tCO₂eq,-,-,400,TJ,-,-,(재)한국화학융합시험연구원,-
644,산업통상자원부,에이치디씨현대이피 주식회사,울산광역시,2019,사업장,석유화학,"23,762",tCO₂eq,-,-,454,TJ,-,-,한국표준협회,-
645,산업통상자원부,에코플라스틱(주) 1공장,경상북도,2019,사업장,자동차,"18,278",tCO₂eq,-,-,372,TJ,-,-,(재)한국품질재단,-
646,산업통상자원부,엘앤에프,대구광역시,2019,사업장,반도체.디스플레이.전기전자,"26,641",tCO₂eq,-,-,520,TJ,-,-,(재)한국품질재단,-
647,환경부,엘에스니꼬 동제련 주식회사,울산광역시,2019,업체,비철금속,"516,024",tCO₂eq,6.75,tCO2eq/억원,"8,369",TJ,0.11,TJ/억원,한국표준협회,"7,642,856,610,554"
648,환경부,엘에스메탈 주식회사,서울특별시,2019,사업장,비철금속,"24,365",tCO₂eq,-,-,498,TJ,-,-,(주)한국경영인증원,-
649,산업통상자원부,엘에스일렉트릭(주) 청주사업장,충청북도,2019,사업장,반도체.디스플레이.전기전자,"22,284",tCO₂eq,-,-,455,TJ,-,-,(주)한국경영인증원,-
650,환경부,엘에스전선 주식회사,경기도,2019,업체,전기전자,"125,309",tCO₂eq,3.86,tCO2eq/억원,"2,480",TJ,0.08,TJ/억원,㈜한국품질보증원,"3,242,768,000,000"
651,환경부,엘지디스플레이(주),서울특별시,2019,업체,디스플레이,"5,885,435",tCO₂eq,27.17,tCO2eq/억원,"62,776",TJ,0.29,TJ/억원,(재)한국품질재단,"21,658,329,000,000"
652,환경부,엘지유플러스(주),서울특별시,2019,업체,통신,"1,098,879",tCO₂eq,8.91,tCO2eq/억원,"22,621",TJ,0.18,TJ/억원,한국표준협회,"12,337,746,000,000"
653,환경부,엘지이노텍 주식회사,서울특별시,2019,업체,전기전자,"316,552",tCO₂eq,4.07,tCO2eq/억원,"6,378",TJ,0.08,TJ/억원,(주)비에스아이그룹코리아,"7,785,053,515,000"
654,환경부,엘지전자 주식회사,서울특별시,2019,업체,전기전자,"685,017",tCO₂eq,2.39,tCO2eq/억원,"9,030",TJ,0.03,TJ/억원,㈜디엔브이지엘비즈니스어슈어런스코리아,"28,654,467,000,000"
655,환경부,엠이엠씨코리아주식회사,충청남도,2019,사업장,반도체,"69,699",tCO₂eq,-,-,"1,432",TJ,-,-,(주)신화엔지니어링종합건축사사무소,-
656,환경부,여수시,전라남도,2019,업체,지정외 폐기물처리업 등,"80,498",tCO₂eq,-,-,699,TJ,-,-,한국산업기술시험원,-
657,환경부,여천엔씨씨 주식회사,서울특별시,2019,업체,석유화학,"3,652,762",tCO₂eq,72.96,tCO2eq/억원,"71,795",TJ,1.43,TJ/억원,(재)한국품질재단,"5,006,424,987,880"
658,국토교통부,영남대학교,경상북도,2019,사업장,건물,"17,915",tCO₂eq,-,-,362,TJ,-,-,㈜한국품질보증원,-
659,산업통상자원부,영보화학(주),충청북도,2019,사업장,석유화학,"15,894",tCO₂eq,-,-,301,TJ,-,-,(주)한국경영인증원,-
660,산업통상자원부,영신금속공업(주),경기도,2019,사업장,기계,"17,076",tCO₂eq,-,-,347,TJ,-,-,(재)한국품질재단,-
661,환경부,영진글로벌 주식회사,충청남도,2019,사업장,산업,"22,603",tCO₂eq,-,-,457,TJ,-,-,한국표준협회,-
662,국토교통부,영특수츄레라(주),서울특별시,2019,사업장,교통(화물),"11,412",tCO₂eq,-,-,161,TJ,-,-,대일이엔씨기술(주),-
663,환경부,영풍전자(주),경기,2019,사업장,전기전자,"104,533",tCO₂eq,-,-,"1,974",TJ,-,-,이큐에이㈜,-
664,환경부,영풍제지(주),경기도,2019,사업장,제지,"119,178",tCO₂eq,-,-,"1,105",TJ,-,-,한국표준협회,-
665,환경부,영화금속(주),경상남도,2019,사업장,철강,"104,363",tCO₂eq,-,-,"1,528",TJ,-,-,한국표준협회,-
666,산업통상자원부,영흥철강(주),경상남도,2019,사업장,철강,"13,174",tCO₂eq,-,-,291,TJ,-,-,한국표준협회,-
667,환경부,오뚜기라면(주),경기도,2019,사업장,음식료품,"52,276",tCO₂eq,-,-,"1,045",TJ,-,-,(주)비에스아이그룹코리아,-
668,환경부,오리온엔지니어드카본즈 주식회사,전라남도,2019,업체,석유화학,"474,700",tCO₂eq,156.86,tCO2eq/억원,"6,520",TJ,2.15,TJ/억원,㈜디엔브이지엘비즈니스어슈어런스코리아,"302,629,895,274"
669,환경부,오비맥주(주),서울특별시,2019,업체,음식료품,"103,387",tCO₂eq,6.7,tCO2eq/억원,"2,070",TJ,0.13,TJ/억원,이큐에이㈜,"1,542,126,174,946"
670,환경부,오산시 환경사업소,경기도,2019,사업장,하수처리업,"18,819",tCO₂eq,-,-,262,TJ,-,-,㈜한국품질보증원,-
671,환경부,오씨아이 주식회사,서울특별시,2019,업체,석유화학,"2,136,152",tCO₂eq,120.92,tCO2eq/억원,"37,670",TJ,2.13,TJ/억원,㈜디엔브이지엘비즈니스어슈어런스코리아,"1,766,574,982,000"
672,농림축산식품부,오케이에프음료(주),경상북도,2019,사업장,음료제조업,"16,542",tCO₂eq,-,-,292,TJ,-,-,한국표준협회,-
673,환경부,온세미컨덕터코리아(주),경기도,2019,업체,반도체,"141,227",tCO₂eq,25.75,tCO2eq/억원,"1,914",TJ,0.35,TJ/억원,(주)비에스아이그룹코리아,"548,462,925,713"
674,환경부,와이케이스틸(주),부산광역시,2019,업체,철강,"359,502",tCO₂eq,-,-,"6,654",TJ,-,-,한국표준협회,-
675,국토교통부,용남고속(주),경기도,2019,사업장,교통(여객),"28,033",tCO₂eq,-,-,502,TJ,-,-,한국표준협회,-
676,환경부,용산화학(주),울산광역시,2019,사업장,석유화학,"114,017",tCO₂eq,-,-,969,TJ,-,-,한국가스안전공사,-
677,환경부,용인시,경기도,2019,업체,폐기물,"169,296",tCO₂eq,-,-,"1,778",TJ,-,-,㈜한국품질보증원,-
678,산업통상자원부,우지막코리아(주),충청북도,2019,사업장,자동차,"17,370",tCO₂eq,-,-,348,TJ,-,-,한국표준협회,-
679,산업통상자원부,욱성화학(주),부산광역시,2019,사업장,석유화학,"14,503",tCO₂eq,-,-,289,TJ,-,-,한국표준협회,-
680,국토교통부,울산과학기술원,울산광역시,2019,사업장,건물,"31,976",tCO₂eq,-,-,656,TJ,-,-,(주)비에스아이그룹코리아,-
681,환경부,울산광역시,울산광역시,2019,업체,폐기물,"306,355",tCO₂eq,-,-,"2,998",TJ,-,-,㈜한국품질보증원,-
682,환경부,울산아로마틱스(주),울산광역시,2019,업체,석유화학,"458,655",tCO₂eq,152.61,tCO2eq/억원,"10,573",TJ,3.52,TJ/억원,(재)한국품질재단,"300,546,278,000"
683,환경부,울산알루미늄 주식회사,울산광역시,2019,업체,비철금속,"170,280",tCO₂eq,20.22,tCO2eq/억원,"3,349",TJ,0.4,TJ/억원,(주)한국경영인증원,"842,301,869,000"
684,환경부,웅진에너지 주식회사,대전광역시,2019,사업장,반도체,"24,732",tCO₂eq,-,-,509,TJ,-,-,한국표준협회,-
685,환경부,원주시,강원도,2019,업체,폐기물,"53,554",tCO₂eq,-,-,646,TJ,-,-,(재)한국화학융합시험연구원,-
686,환경부,월산페이퍼 주식회사,경남,2019,업체,제지,"179,157",tCO₂eq,92.29,tCO2eq/억원,"2,805",TJ,1.44,TJ/억원,이큐에이㈜,"194,131,373,315"
687,환경부,유니드,서울특별시,2019,업체,석유화학,"360,497",tCO₂eq,65.69,tCO2eq/억원,"8,871",TJ,1.62,TJ/억원,로이드인증원㈜,"548,765,401,000"
688,산업통상자원부,유성기업(주) 영동공장,충청북도,2019,사업장,자동차,"17,698",tCO₂eq,-,-,359,TJ,-,-,(주)비에스아이그룹코리아,-
689,환경부,유한킴벌리 주식회사,서울특별시,2019,업체,제지,"202,435",tCO₂eq,15.18,tCO2eq/억원,"4,074",TJ,0.31,TJ/억원,(재)한국품질재단,"1,333,184,136,266"
690,환경부,유한회사 스태츠칩팩코리아,인천광역시,2019,사업장,반도체,"65,118",tCO₂eq,-,-,"1,335",TJ,-,-,(주)신화엔지니어링종합건축사사무소,-
691,산업통상자원부,유한회사 클라리오스델코 제1공장,경상북도,2019,사업장,반도체.디스플레이.전기전자,"22,981",tCO₂eq,-,-,467,TJ,-,-,(주)한국경영인증원,-
692,산업통상자원부,유한회사 클라리오스델코 제2공장,경상북도,2019,사업장,반도체.디스플레이.전기전자,"22,933",tCO₂eq,-,-,471,TJ,-,-,(주)한국경영인증원,-
693,환경부,율촌화학(주),서울특별시,2019,사업장,석유화학,"52,152",tCO₂eq,-,-,891,TJ,-,-,한국가스안전공사,-
694,국토교통부,의료법인 길의료재단,인천광역시,2019,사업장,건물,"22,974",tCO₂eq,-,-,465,TJ,-,-,(재)한국화학융합시험연구원,-
695,환경부,의정부시,경기도,2019,업체,폐기물,"71,300",tCO₂eq,-,-,738,TJ,-,-,㈜한국품질보증원,-
696,산업통상자원부,이건에너지(주),인천광역시,2019,사업장,발전에너지,"16,333",tCO₂eq,-,-,"2,658",TJ,-,-,㈜한국품질보증원,-
697,환경부,이구산업(주),경기도,2019,사업장,비철금속,"31,227",tCO₂eq,-,-,633,TJ,-,-,한국생산성본부인증원(주),-
698,환경부,이래에이엠에스 주식회사,대구광역시,2019,사업장,자동차,"22,016",tCO₂eq,-,-,448,TJ,-,-,㈜한국품질보증원,-
699,환경부,이스트만화이버코리아 주식회사,울산광역시,2019,사업장,섬유,"51,614",tCO₂eq,-,-,866,TJ,-,-,(주)한국경영인증원,-
700,환경부,이천시,경기도,2019,사업장,폐기물,"129,365",tCO₂eq,-,-,750,TJ,-,-,이큐에이㈜,-
701,환경부,이화여자대학교,서울특별시,2019,사업장,건물,"33,735",tCO₂eq,-,-,692,TJ,-,-,이큐에이㈜,-
702,환경부,익산시,전라북도,2019,사업장,폐기물,"91,275",tCO₂eq,-,-,693,TJ,-,-,㈜한국품질보증원,-
703,환경부,인그리디언코리아 유한회사,서울특별시,2019,업체,음식료품,"131,334",tCO₂eq,41.22,tCO2eq/억원,"2,620",TJ,0.82,TJ/억원,(재)한국품질재단,"318,589,297,952"
704,환경부,인천공항에너지,인천광역시,2019,업체,집단에너지,"221,022",tCO₂eq,264.51,tCO2eq/억원,"4,379",TJ,5.24,TJ/억원,㈜한국품질보증원,"83,558,940,591"
705,환경부,인천광역시,인천광역시,2019,업체,폐기물,"401,611",tCO₂eq,-,-,"4,498",TJ,-,-,(재)한국품질재단,-
706,국토교통부,인천교통공사,인천광역시,2019,업체,교통(철도),"76,128",tCO₂eq,38.24,tCO2eq/억원,"1,565",TJ,0.79,TJ/억원,한국표준협회,"199,070,379,393"
707,환경부,인천국제공항공사,인천광역시,2019,업체,건물,"261,719",tCO₂eq,9.49,tCO2eq/억원,"5,055",TJ,0.18,TJ/억원,(재)한국품질재단,"2,759,191,612,000"
708,환경부,인천종합에너지(주),인천광역시,2019,업체,집단에너지,"392,384",tCO₂eq,223.69,tCO2eq/억원,"7,778",TJ,4.43,TJ/억원,㈜디엔브이지엘비즈니스어슈어런스코리아,"175,417,359,902"
709,국토교통부,인터지스(주),부산광역시,2019,사업장,교통(화물),"35,947",tCO₂eq,-,-,526,TJ,-,-,(주)한국경영인증원,-
710,산업통상자원부,일본전기초자한국주식회사,경상북도,2019,사업장,유리 · 요업,"8,530",tCO₂eq,-,-,174,TJ,-,-,이큐에이㈜,-
711,농림축산식품부,일산실업(주) 칠서에탄올공장,경상남도,2019,사업장,음료제조업,"15,627",tCO₂eq,-,-,339,TJ,-,-,한국표준협회,-
712,환경부,일신방직(주),서울특별시,2019,사업장,섬유,"80,544",tCO₂eq,-,-,"1,627",TJ,-,-,한국표준협회,-
713,환경부,일진디스플레이(주),경기도,2019,사업장,전기전자,"20,169",tCO₂eq,-,-,414,TJ,-,-,한국표준협회,-
714,환경부,일진머티리얼즈 주식회사,전라북도,2019,사업장,비철금속,"113,045",tCO₂eq,-,-,"2,381",TJ,-,-,㈜디엔브이지엘비즈니스어슈어런스코리아,-
715,환경부,일진제강(주),전라북도,2019,사업장,철강,"43,977",tCO₂eq,-,-,884,TJ,-,-,한국표준협회,-
716,국토교통부,재단법인 대구경북과학기술원,대구광역시,2019,사업장,건물,"27,634",tCO₂eq,-,-,564,TJ,-,-,한국표준협회,-
717,환경부,재단법인 아산사회복지재단,서울특별시,2019,사업장,건물,"93,029",tCO₂eq,-,-,"1,874",TJ,-,-,한국표준협회,-
718,환경부,재원산업,전라남도,2019,사업장,석유화학,"32,088",tCO₂eq,-,-,597,TJ,-,-,(재)한국품질재단,-
719,환경부,전기초자코리아(주),경기도,2019,업체,유리,"146,381",tCO₂eq,88.08,tCO2eq/억원,"2,929",TJ,1.76,TJ/억원,한국표준협회,"166,197,481,075"
720,환경부,전남대학교,광주광역시,2019,사업장,건물,"36,323",tCO₂eq,-,-,724,TJ,-,-,한국표준협회,-
721,산업통상자원부,전방(주),서울특별시,2019,업체,섬유,"55,851",tCO₂eq,40.78,tCO2eq/억원,"1,192",TJ,0.87,TJ/억원,이큐에이㈜,"136,971,470,000"
722,환경부,전북대학교,전라북도,2019,사업장,건물,"29,352",tCO₂eq,-,-,603,TJ,-,-,이큐에이㈜,-
723,국토교통부,전북대학교병원,전라북도,2019,사업장,건물,"21,557",tCO₂eq,-,-,452,TJ,-,-,(재)한국화학융합시험연구원,-
724,환경부,전북집단에너지 주식회사,전라북도,2019,업체,산업단지,"192,353",tCO₂eq,764.62,tCO2eq/억원,"2,234",TJ,8.88,TJ/억원,한국표준협회,"25,156,559,950"
725,환경부,전주시,전라북도,2019,업체,폐기물,"194,941",tCO₂eq,-,-,"1,718",TJ,-,-,㈜한국품질보증원,-
726,국토교통부,전차연물류(주),경상북도,2019,사업장,교통(화물),"23,648",tCO₂eq,-,-,334,TJ,-,-,㈜한국품질보증원,-
727,산업통상자원부,제이비 주식회사 청수에너지,충청남도,2019,사업장,발전에너지,"31,444",tCO₂eq,-,-,620,TJ,-,-,(재)한국품질재단,-
728,산업통상자원부,제이셋스태츠칩팩코리아(유),인천광역시,2019,사업장,반도체,"34,556",tCO₂eq,-,-,708,TJ,-,-,(주)신화엔지니어링종합건축사사무소,-
729,환경부,제주특별자치도,제주특별자치도,2019,업체,폐기물,"316,197",tCO₂eq,-,-,"3,166",TJ,-,-,한국표준협회,-
730,환경부,제주특별자치도개발공사,제주특별자치도,2019,사업장,음식료품,"26,629",tCO₂eq,-,-,545,TJ,-,-,한국표준협회,-
731,환경부,제주항공(주),제주특별자치도,2019,업체,항공,"228,824",tCO₂eq,16.63,tCO2eq/억원,"3,281",TJ,0.24,TJ/억원,한국표준협회,"1,376,135,272,000"
732,환경부,제천시,충청북도,2019,사업장,폐기물,"44,909",tCO₂eq,-,-,304,TJ,-,-,한국표준협회,-
733,산업통상자원부,조광피혁(주),충청북도,2019,사업장,섬유,"11,083",tCO₂eq,-,-,307,TJ,-,-,한국표준협회,-
734,산업통상자원부,조선내화(주),전라남도,2019,사업장,유리 · 요업,"18,466",tCO₂eq,-,-,364,TJ,-,-,(재)한국품질재단,-
735,국토교통부,조선대학교,광주광역시,2019,사업장,건물,"15,794",tCO₂eq,-,-,320,TJ,-,-,한국생산성본부인증원(주),-
736,환경부,조일알미늄 주식회사,경상북도,2019,사업장,비철금속,"85,067",tCO₂eq,-,-,"1,706",TJ,-,-,(재)한국품질재단,-
737,산업통상자원부,주성엔지니어링(주),경기도,2019,사업장,기계,"20,161",tCO₂eq,-,-,414,TJ,-,-,(재)한국품질재단,-
738,환경부,주식회사 고려시멘트,전라남도,2019,업체,시멘트,"684,838",tCO₂eq,965.62,tCO2eq/억원,"4,048",TJ,5.71,TJ/억원,한국표준협회,"70,921,781,000"
739,환경부,주식회사 고려제지,경기도,2019,업체,제지,"130,160",tCO₂eq,56.83,tCO2eq/억원,"2,234",TJ,0.98,TJ/억원,(주)한국경영인증원,"229,030,535,428"
740,산업통상자원부,주식회사 녹수 고덕공장,충청남도,2019,사업장,석유화학,"21,935",tCO₂eq,-,-,433,TJ,-,-,한국표준협회,-
741,산업통상자원부,주식회사 녹수 봉산공장,충청남도,2019,사업장,석유화학,"16,303",tCO₂eq,-,-,330,TJ,-,-,한국표준협회,-
742,환경부,주식회사 농심,서울특별시,2019,업체,음식료품,"172,204",tCO₂eq,9.04,tCO2eq/억원,"3,382",TJ,0.18,TJ/억원,한국표준협회,"1,905,694,049,000"
743,환경부,주식회사 뉴그린,경기도,2019,업체,폐기물,"148,536",tCO₂eq,591.89,tCO2eq/억원,228,TJ,0.91,TJ/억원,이큐에이㈜,"25,095,152,309"
744,환경부,주식회사 대륜발전,경기도,2019,업체,집단에너지,"398,655",tCO₂eq,244.38,tCO2eq/억원,"7,913",TJ,4.85,TJ/억원,한국표준협회,"163,129,173,042"
745,환경부,주식회사 대보세라믹스,충청북도,2019,사업장,요업,"20,981",tCO₂eq,-,-,357,TJ,-,-,한국표준협회,-
746,환경부,주식회사 대유글로벌,광주광역시,2019,사업장,자동차,"36,957",tCO₂eq,-,-,748,TJ,-,-,(재)한국품질재단,-
747,환경부,주식회사 대창,경기도,2019,사업장,비철금속,"33,468",tCO₂eq,-,-,680,TJ,-,-,한국가스안전공사,-
748,환경부,주식회사 대한세라믹스,전라남도,2019,사업장,요업,"43,700",tCO₂eq,-,-,803,TJ,-,-,이큐에이㈜,-
749,환경부,주식회사 대호에이엘,대구광역시,2019,사업장,비철금속,"28,831",tCO₂eq,-,-,579,TJ,-,-,(주)한국경영인증원,-
750,환경부,주식회사 더블유티씨서울,서울특별시,2019,사업장,건물,"62,886",tCO₂eq,-,-,"1,279",TJ,-,-,(주)한국경영인증원,-
751,환경부,주식회사 덕양,울산광역시,2019,업체,석유화학,"239,592",tCO₂eq,67.08,tCO2eq/억원,"2,225",TJ,0.62,TJ/억원,(재)한국품질재단,"357,162,728,000"
752,산업통상자원부,주식회사 동성코퍼레이션,경상남도,2019,사업장,석유화학,"29,135",tCO₂eq,-,-,517,TJ,-,-,한국생산성본부인증원(주),-
753,산업통상자원부,주식회사 동아,경상남도,2019,사업장,기계,"19,128",tCO₂eq,-,-,391,TJ,-,-,한국표준협회,-
754,환경부,주식회사 디비메탈,서울특별시,2019,업체,철강,"777,996",tCO₂eq,204.49,tCO2eq/억원,"8,277",TJ,2.18,TJ/억원,(재)한국품질재단,"380,449,835,231"
992,환경부,한화케미칼 주식회사,서울특별시,2019,업체,석유화학,"2,695,796",tCO₂eq,-,-,"51,878",TJ,-,-,㈜디엔브이지엘비즈니스어슈어런스코리아,-
756,산업통상자원부,주식회사 디티알 오토모티브,울산광역시,2019,사업장,반도체.디스플레이.전기전자,"17,491",tCO₂eq,-,-,357,TJ,-,-,한국표준협회,-
757,환경부,주식회사 명성환경,광주광역시,2019,사업장,폐기물,"30,126",tCO₂eq,-,-,30,TJ,-,-,이큐에이㈜,-
758,환경부,주식회사 명신,충청남도,2019,업체,자동차,"9,118",tCO₂eq,5.55,tCO2eq/억원,183,TJ,0.11,TJ/억원,(재)한국화학융합시험연구원,"164,216,728,000"
759,환경부,주식회사 범우,울산광역시,2019,사업장,폐기물,"86,026",tCO₂eq,-,-,479,TJ,-,-,㈜한국품질보증원,-
760,환경부,주식회사 베어링아트,경상북도,2019,사업장,산업,"51,499",tCO₂eq,-,-,"1,051",TJ,-,-,한국표준협회,-
1012,환경부,현대에너지,전라남도,2019,업체,산업단지,"961,073",tCO₂eq,"1,046.44",tCO2eq/억원,"10,162",TJ,11.06,TJ/억원,한국표준협회,"91,841,932,789"
762,환경부,주식회사 삼보광업,서울특별시,2019,사업장,광업,"150,603",tCO₂eq,-,-,368,TJ,-,-,한국생산성본부인증원(주),-
763,환경부,주식회사 삼양사,서울특별시,2019,업체,음식료품,"281,946",tCO₂eq,18.18,tCO2eq/억원,"5,703",TJ,0.37,TJ/억원,한국표준협회,"1,550,801,257,000"
764,환경부,주식회사 삼양패키징,서울특별시,2019,업체,석유화학,"144,906",tCO₂eq,38.6,tCO2eq/억원,"2,957",TJ,0.79,TJ/억원,한국표준협회,"375,442,076,000"
765,환경부,주식회사 세아창원특수강,경상남도,2019,업체,철강,"511,368",tCO₂eq,43.58,tCO2eq/억원,"8,883",TJ,0.76,TJ/억원,한국표준협회,"1,173,459,723,000"
766,환경부,주식회사 세진메탈,울산광역시,2019,사업장,비철금속,"36,920",tCO₂eq,-,-,596,TJ,-,-,산림조합중앙회,-
767,환경부,주식회사 수석,경기도,2019,사업장,유리,"34,739",tCO₂eq,-,-,546,TJ,-,-,(주)한국경영인증원,-
768,국토교통부,주식회사 스타필드고양,경기도,2019,사업장,건물,"29,320",tCO₂eq,-,-,642,TJ,-,-,(재)한국품질재단,-
769,국토교통부,주식회사 스타필드하남,경기도,2019,사업장,건물,"28,909",tCO₂eq,-,-,589,TJ,-,-,(재)한국품질재단,-
770,환경부,주식회사 심텍,충청북도,2019,사업장,전기전자,"97,469",tCO₂eq,-,-,"2,007",TJ,-,-,(주)신화엔지니어링종합건축사사무소,-
771,환경부,주식회사 심팩인더스트리,인천광역시,2019,업체,산업,"206,244",tCO₂eq,"2,029.56",tCO2eq/억원,"3,151",TJ,31.01,TJ/억원,(재)한국품질재단,"10,162,001,000"
772,산업통상자원부,주식회사 아이유제지,전라북도,2019,사업장,제지,"19,801",tCO₂eq,-,-,365,TJ,-,-,한국생산성본부인증원(주),-
773,환경부,주식회사 알테크노메탈,충청남도,2019,사업장,비철금속,"30,131",tCO₂eq,-,-,502,TJ,-,-,이큐에이㈜,-
774,환경부,주식회사 에너지네트웍,부산광역시,2019,업체,폐기물,"157,708",tCO₂eq,533.25,tCO2eq/억원,619,TJ,2.09,TJ/억원,이큐에이㈜,"29,574,690,363"
775,국토교통부,주식회사 에스알,서울특별시,2019,업체,교통(철도),"164,361",tCO₂eq,24.64,tCO2eq/억원,"3,383",TJ,0.51,TJ/억원,(주)신화엔지니어링종합건축사사무소,"666,997,717,000"
776,환경부,주식회사 에스에프에이반도체,충청남도,2019,사업장,반도체,"27,360",tCO₂eq,-,-,561,TJ,-,-,대일이엔씨기술(주),-
777,환경부,주식회사 에스엔엔씨,전라남도,2019,업체,비철금속,"1,585,974",tCO₂eq,214.62,tCO2eq/억원,"16,956",TJ,2.29,TJ/억원,(재)한국품질재단,"738,976,573,587"
778,환경부,주식회사 에스피네이처,충청남도,2019,사업장,시멘트,"27,058",tCO₂eq,-,-,549,TJ,-,-,한국표준협회,-
779,환경부,주식회사 에스피씨삼립,서울특별시,2019,사업장,음식료품,"38,278",tCO₂eq,-,-,814,TJ,-,-,(주)비에스아이그룹코리아,-
539,환경부,성동조선해양 주식회사,경상남도,2019,업체,조선,"5,209",tCO₂eq,86.02,tCO2eq/억원,106,TJ,1.75,TJ/억원,한국표준협회,"6,055,899,000"
781,환경부,주식회사 에어퍼스트,경상북도,2019,업체,석유화학,"515,608",tCO₂eq,286.9,tCO2eq/억원,"10,338",TJ,5.75,TJ/억원,한국가스안전공사,"179,717,272,170"
782,환경부,주식회사 엘지화학,서울특별시,2019,업체,석유화학,"8,517,502",tCO₂eq,39.05,tCO2eq/억원,"160,018",TJ,0.73,TJ/억원,한국표준협회,"21,809,592,000,000"
783,환경부,주식회사 영풍,서울특별시,2019,업체,비철금속,"1,163,931",tCO₂eq,86.35,tCO2eq/억원,"18,905",TJ,1.4,TJ/억원,(재)한국품질재단,"1,347,979,588,000"
784,환경부,주식회사 영흥산업환경,충청남도,2019,사업장,폐기물,"64,363",tCO₂eq,-,-,140,TJ,-,-,㈜한국품질보증원,-
785,산업통상자원부,주식회사 울산이앤피,울산광역시,2019,업체,발전에너지,"80,023",tCO₂eq,349.3,tCO2eq/억원,960,TJ,4.19,TJ/억원,한국표준협회,"22,909,750,218"
786,산업통상자원부,주식회사 위니아대우매뉴팩처링,광주광역시,2019,사업장,기계,"10,418",tCO₂eq,-,-,210,TJ,-,-,이큐에이㈜,-
787,환경부,주식회사 유니큰,울산광역시,2019,업체,폐기물,"138,403",tCO₂eq,717.38,tCO2eq/억원,541,TJ,2.8,TJ/억원,한국산업기술시험원,"19,292,809,746"
788,환경부,주식회사 이랜드리테일,서울특별시,2019,업체,건물,"177,505",tCO₂eq,8.4,tCO2eq/억원,"3,618",TJ,0.17,TJ/억원,한국산업기술시험원,"2,112,258,948,799"
789,환경부,주식회사 이엠케이승경,전라북도,2019,사업장,폐기물,"64,470",tCO₂eq,-,-,146,TJ,-,-,(주)한국경영인증원,-
790,환경부,주식회사 전주원파워,전라북도,2019,업체,전환,"47,069",tCO₂eq,120.43,tCO2eq/억원,"7,511",TJ,19.22,TJ/억원,한국표준협회,"39,082,764,284"
791,환경부,주식회사 전주페이퍼,전라북도,2019,업체,산업,"512,169",tCO₂eq,321.16,tCO2eq/억원,"8,067",TJ,5.06,TJ/억원,한국표준협회,"159,474,510,149"
792,산업통상자원부,주식회사 정산인터내셔널,부산광역시,2019,사업장,섬유,"22,521",tCO₂eq,-,-,457,TJ,-,-,(재)한국품질재단,-
793,환경부,주식회사 정선라임,강원도,2019,사업장,시멘트,"94,931",tCO₂eq,-,-,319,TJ,-,-,한국표준협회,-
794,환경부,주식회사 지알엠,충청북도,2019,사업장,비철금속,"99,660",tCO₂eq,-,-,"1,176",TJ,-,-,한국표준협회,-
795,환경부,주식회사 지에스이앤알,경기도,2019,업체,산업단지,"2,157,706",tCO₂eq,268.31,tCO2eq/억원,"24,850",TJ,3.09,TJ/억원,(재)한국품질재단,"804,169,517,262"
796,환경부,주식회사 진로발효,경기도,2019,사업장,음식료품,"33,047",tCO₂eq,-,-,815,TJ,-,-,한국표준협회,-
797,환경부,주식회사 진에어,서울특별시,2019,업체,항공,"173,182",tCO₂eq,19.03,tCO2eq/억원,"2,478",TJ,0.27,TJ/억원,한국표준협회,"910,158,184,000"
798,환경부,주식회사 징크옥사이드코퍼레이션,경상북도,2019,사업장,산업,"82,936",tCO₂eq,-,-,841,TJ,-,-,한국표준협회,-
799,환경부,주식회사 카프로,서울특별시,2019,업체,석유화학,"857,587",tCO₂eq,194.8,tCO2eq/억원,"7,148",TJ,1.62,TJ/억원,(재)한국품질재단,"440,234,409,000"
554,환경부,셰플러코리아(유),경상남도,2019,사업장,기계,"101,061",tCO₂eq,-,-,"2,068",TJ,-,-,로이드인증원㈜,-
801,환경부,주식회사 케이티,경기도,2019,업체,통신,"1,134,293",tCO₂eq,6.23,tCO2eq/억원,"23,224",TJ,0.13,TJ/억원,㈜한국품질보증원,"18,204,751,000,000"
802,환경부,주식회사 케이피에프,경기도,2019,사업장,기계,"52,994",tCO₂eq,-,-,"1,080",TJ,-,-,한국표준협회,-
803,환경부,주식회사 코리아에어텍,울산광역시,2019,사업장,석유화학,"37,608",tCO₂eq,-,-,773,TJ,-,-,이큐에이㈜,-
804,환경부,주식회사 코엔텍,울산광역시,2019,업체,폐기물,"431,140",tCO₂eq,606.27,tCO2eq/억원,401,TJ,0.56,TJ/억원,한국표준협회,"71,114,061,000"
805,환경부,주식회사 태경비케이,서울특별시,2019,업체,시멘트,"541,564",tCO₂eq,374.49,tCO2eq/억원,"2,283",TJ,1.58,TJ/억원,이큐에이㈜,"144,614,854,000"
806,환경부,주식회사 태영이엠씨,강원도,2019,업체,광업,"138,023",tCO₂eq,260.14,tCO2eq/억원,730,TJ,1.38,TJ/억원,한국표준협회,"53,057,732,176"
807,환경부,주식회사 티웨이항공,서울특별시,2019,사업장,항공,"134,251",tCO₂eq,-,-,"1,924",TJ,-,-,(재)한국품질재단,-
808,국토교통부,주식회사 파라다이스세가사미,인천광역시,2019,사업장,건물,"37,984",tCO₂eq,-,-,777,TJ,-,-,한국표준협회,-
809,환경부,주식회사 팜한농,서울특별시,2019,업체,석유화학,"338,012",tCO₂eq,57.73,tCO2eq/억원,"1,506",TJ,0.26,TJ/억원,한국표준협회,"585,493,993,694"
810,환경부,주식회사 포스코,경상북도,2019,업체,철강,"81,481,198",tCO₂eq,268.26,tCO2eq/억원,"417,908",TJ,1.38,TJ/억원,(재)한국품질재단,"30,373,510,739,000"
811,환경부,주식회사 포스코인터내셔널,서울특별시,2019,사업장,철강,"62,618",tCO₂eq,-,-,"1,243",TJ,-,-,㈜디엔브이지엘비즈니스어슈어런스코리아,-
812,환경부,주식회사 포스코케미칼,경상북도,2019,업체,요업,"2,418,188",tCO₂eq,168.57,tCO2eq/억원,"14,226",TJ,0.99,TJ/억원,(재)한국품질재단,"1,434,507,299,000"
813,산업통상자원부,주식회사 포트로닉스천안,충청남도,2019,사업장,반도체.디스플레이.전기전자,"16,353",tCO₂eq,-,-,331,TJ,-,-,이큐에이㈜,-
814,환경부,주식회사 풍산,경기도,2019,업체,비철금속,"213,876",tCO₂eq,11.37,tCO2eq/억원,"4,350",TJ,0.23,TJ/억원,한국표준협회,"1,880,761,562,000"
815,환경부,주식회사 피엔알,경상북도,2019,업체,폐기물,"136,349",tCO₂eq,366.2,tCO2eq/억원,"1,440",TJ,3.87,TJ/억원,(재)한국품질재단,"37,233,708,374"
816,산업통상자원부,주식회사 피엠씨텍,전라남도,2019,업체,석유화학,"130,185",tCO₂eq,60.09,tCO2eq/억원,"1,491",TJ,0.69,TJ/억원,(재)한국품질재단,"216,647,898,946"
817,국토교통부,주식회사 하나은행,서울특별시,2019,업체,건물,"68,548",tCO₂eq,0.23,tCO2eq/억원,951,TJ,0,TJ/억원,한국표준협회,"29,175,882,000,000"
818,환경부,주식회사 호텔롯데,서울특별시,2019,업체,건물,"160,065",tCO₂eq,2.7,tCO2eq/억원,"3,217",TJ,0.05,TJ/억원,(주)한국경영인증원,"5,927,295,857,533"
819,환경부,주식회사 효성,서울특별시,2019,업체,석유화학,"32,848",tCO₂eq,8.25,tCO2eq/억원,666,TJ,0.17,TJ/억원,(재)한국품질재단,"397,940,472,000"
820,환경부,주식회사 후성,경기도,2019,업체,석유화학,"391,234",tCO₂eq,162.19,tCO2eq/억원,794,TJ,0.33,TJ/억원,한국가스안전공사,"241,217,521,000"
821,환경부,주식회사 휴스틸,서울특별시,2019,사업장,철강,"27,409",tCO₂eq,-,-,556,TJ,-,-,(주)신화엔지니어링종합건축사사무소,-
822,국토교통부,주식회사경기상운,경기도,2019,사업장,교통(여객),"18,581",tCO₂eq,-,-,322,TJ,-,-,산림조합중앙회,-
823,국토교통부,주식회사한양고속,충청남도,2019,사업장,교통(여객),"16,201",tCO₂eq,-,-,229,TJ,-,-,한국표준협회,-
824,국토교통부,중소기업은행,서울특별시,2019,업체,건물,"58,320",tCO₂eq,0.39,tCO2eq/억원,840,TJ,0.01,TJ/억원,한국표준협회,"14,799,905,000,000"
825,국토교통부,중앙대학교,서울특별시,2019,사업장,건물,"20,632",tCO₂eq,-,-,419,TJ,-,-,한국표준협회,-
826,산업통상자원부,지에스에코메탈 주식회사,울산광역시,2019,사업장,비철금속,"21,302",tCO₂eq,-,-,269,TJ,-,-,한국표준협회,-
827,환경부,지에스이피에스,충청남도,2019,업체,발전 · 에너지,"2,413,463",tCO₂eq,258.66,tCO2eq/억원,"53,698",TJ,5.75,TJ/억원,한국표준협회,"933,078,522,729"
828,환경부,지에스칼텍스 주식회사,서울특별시,2019,업체,정유,"8,047,242",tCO₂eq,24.81,tCO2eq/억원,"105,917",TJ,0.33,TJ/억원,(재)한국품질재단,"32,438,233,000,000"
829,국토교통부,지엠테크니컬센터코리아,인천광역시,2019,사업장,건물,"19,533",tCO₂eq,-,-,388,TJ,-,-,한국표준협회,-
830,환경부,진양특수강(주),경상북도,2019,사업장,철강,"26,186",tCO₂eq,-,-,520,TJ,-,-,한국표준협회,-
831,산업통상자원부,진영산업(주),경기도,2019,사업장,기계,"12,299",tCO₂eq,-,-,252,TJ,-,-,한국표준협회,-
832,환경부,진영제지공업(주),경상북도,2019,사업장,제지,"86,475",tCO₂eq,-,-,827,TJ,-,-,이큐에이㈜,-
833,환경부,진주시,경상남도,2019,사업장,폐기물,"103,475",tCO₂eq,-,-,572,TJ,-,-,한국산업기술시험원,-
834,환경부,진천음성광역폐기물처리장,충청북도,2019,사업장,지정외 폐기물처리업,"18,779",tCO₂eq,-,-,159,TJ,-,-,한국표준협회,-
835,환경부,창원시,경상남도,2019,업체,폐기물,"273,240",tCO₂eq,-,-,"2,322",TJ,-,-,㈜한국품질보증원,-
836,환경부,천안시,충청남도,2019,업체,폐기물,"151,920",tCO₂eq,-,-,"1,419",TJ,-,-,㈜한국품질보증원,-
837,국토교통부,천일정기화물자동차(주),부산광역시,2019,사업장,교통(화물),"23,067",tCO₂eq,-,-,336,TJ,-,-,한국표준협회,-
838,환경부,천일제지(주),전라북도,2019,사업장,제지,"61,548",tCO₂eq,-,-,"1,159",TJ,-,-,이큐에이㈜,-
839,환경부,청주시,충청북도,2019,업체,폐기물,"215,362",tCO₂eq,-,-,"1,729",TJ,-,-,(재)한국화학융합시험연구원,-
840,환경부,초당환경(유),광주광역시,2019,업체,폐기물,"37,400",tCO₂eq,362.66,tCO2eq/억원,344,TJ,3.34,TJ/억원,(재)한국품질재단,"10,312,706,000"
841,환경부,춘천시,강원도,2019,업체,폐기물,"121,146",tCO₂eq,-,-,556,TJ,-,-,(재)한국화학융합시험연구원,-
842,산업통상자원부,춘천에너지 주식회사,강원도,2019,업체,발전에너지,"1,014,854",tCO₂eq,323.8,tCO2eq/억원,"20,201",TJ,6.45,TJ/억원,한국표준협회,"313,417,343,000"
843,환경부,충남대학교,대전광역시,2019,사업장,건물,"29,308",tCO₂eq,-,-,594,TJ,-,-,로이드인증원㈜,-
844,국토교통부,충남대학교병원,대전광역시,2019,사업장,건물,"19,700",tCO₂eq,-,-,399,TJ,-,-,한국표준협회,-
845,국토교통부,충북대학교,충청북도,2019,사업장,건물,"18,235",tCO₂eq,-,-,364,TJ,-,-,한국표준협회,-
846,환경부,충주시,충청북도,2019,업체,폐기물,"91,469",tCO₂eq,-,-,662,TJ,-,-,(재)한국품질재단,-
847,환경부,케이씨글라스(주),충남,2019,사업장,유리,"30,449",tCO₂eq,-,-,537,TJ,-,-,(주)신화엔지니어링종합건축사사무소,-
848,환경부,케이씨씨,서울특별시,2019,업체,유리,"647,942",tCO₂eq,30.41,tCO2eq/억원,"11,848",TJ,0.56,TJ/억원,(재)한국품질재단,"2,130,823,577,000"
849,환경부,케이씨주식회사,전라남도,2019,업체,석유화학,"161,368",tCO₂eq,121.05,tCO2eq/억원,"2,238",TJ,1.68,TJ/억원,한국표준협회,"133,304,839,000"
850,환경부,케이씨환경서비스 주식회사,전라남도,2019,업체,폐기물,"252,979",tCO₂eq,342.2,tCO2eq/억원,"1,137",TJ,1.54,TJ/억원,(재)한국품질재단,"73,926,256,000"
851,산업통상자원부,케이알에너지(주),울산광역시,2019,업체,발전에너지,"56,706",tCO₂eq,259.59,tCO2eq/억원,670,TJ,3.07,TJ/억원,한국표준협회,"21,844,225,000"
852,환경부,케이알코폴리머 유한회사,전라남도,2019,사업장,석유화학,"30,356",tCO₂eq,-,-,402,TJ,-,-,(주)한국경영인증원,-
853,환경부,케이오씨(주),울산광역시,2019,사업장,석유화학,"50,926",tCO₂eq,-,-,"1,179",TJ,-,-,이큐에이㈜,-
854,환경부,케이지이티에스 주식회사,경기도,2019,업체,폐기물,"312,358",tCO₂eq,194.16,tCO2eq/억원,"1,283",TJ,0.8,TJ/억원,로이드인증원㈜,"160,879,256,000"
855,산업통상자원부,케이지케미칼 주식회사,울산광역시,2019,사업장,석유화학,"23,869",tCO₂eq,-,-,404,TJ,-,-,이큐에이㈜,-
856,환경부,코넥,충남,2019,사업장,자동차,"22,773",tCO₂eq,-,-,448,TJ,-,-,(주)한국경영인증원,-
857,환경부,코닝정밀소재 주식회사,충청남도,2019,업체,유리,"580,077",tCO₂eq,36.01,tCO2eq/억원,"11,532",TJ,0.72,TJ/억원,로이드인증원㈜,"1,610,914,424,000"
858,환경부,코리아PTG(주),울산광역시,2019,사업장,석유화학,"113,137",tCO₂eq,-,-,992,TJ,-,-,(재)한국품질재단,-
859,산업통상자원부,코리아니켈(주),경기도,2019,사업장,비철금속,"3,045",tCO₂eq,-,-,52,TJ,-,-,한국표준협회,-
860,환경부,코리아오토글라스(주),세종특별자치시,2019,사업장,유리,"80,636",tCO₂eq,-,-,"1,651",TJ,-,-,(재)한국품질재단,-
861,환경부,코스모신소재(주),충청북도,2019,사업장,석유화학,"28,939",tCO₂eq,-,-,559,TJ,-,-,한국표준협회,-
862,환경부,코스모화학,서울특별시,2019,사업장,석유화학,"72,304",tCO₂eq,-,-,"1,593",TJ,-,-,로이드인증원㈜,-
863,산업통상자원부,코스포영남파워 주식회사,울산광역시,2019,업체,발전에너지,"1,015,035",tCO₂eq,318.85,tCO2eq/억원,"20,198",TJ,6.34,TJ/억원,(주)한국경영인증원,"318,337,760,803"
864,산업통상자원부,코오롱글로텍(주) 구미공장,서울,2019,사업장,섬유,"14,485",tCO₂eq,-,-,283,TJ,-,-,한국표준협회,-
865,환경부,코오롱머티리얼(주),경기도,2019,사업장,섬유,"33,937",tCO₂eq,-,-,677,TJ,-,-,한국표준협회,-
866,산업통상자원부,코오롱바스프이노폼 주식회사,경상북도,2019,업체,석유화학,"105,377",tCO₂eq,90.87,tCO2eq/억원,"1,703",TJ,1.47,TJ/억원,한국표준협회,"115,968,359,660"
867,환경부,코오롱인더스트리 주식회사,서울특별시,2019,업체,석유화학,"636,665",tCO₂eq,19.76,tCO2eq/억원,"12,063",TJ,0.37,TJ/억원,한국표준협회,"3,222,420,900,008"
868,환경부,코오롱플라스틱(주),경상북도,2019,업체,석유화학,"124,091",tCO₂eq,37.79,tCO2eq/억원,"1,983",TJ,0.6,TJ/억원,한국표준협회,"328,380,290,000"
869,산업통상자원부,코오롱화이버 주식회사,경상북도,2019,사업장,섬유,"15,046",tCO₂eq,-,-,298,TJ,-,-,한국표준협회,-
870,농림축산식품부,코카콜라음료(주) 여주공장,서울특별시,2019,사업장,음료제조업,"20,996",tCO₂eq,-,-,425,TJ,-,-,(재)한국품질재단,-
871,산업통상자원부,콘티넨탈 오토모티브 시스템(주),경기도,2019,사업장,자동차,"16,151",tCO₂eq,-,-,325,TJ,-,-,(주)한국경영인증원,-
872,산업통상자원부,타타대우상용차 주식회사,전라북도,2019,사업장,자동차,"13,919",tCO₂eq,-,-,264,TJ,-,-,한국생산성본부인증원(주),-
873,환경부,태경산업(주),강원도,2019,사업장,철강,"131,344",tCO₂eq,-,-,"1,723",TJ,-,-,이큐에이㈜,-
874,환경부,태광산업 주식회사,서울특별시,2019,업체,섬유,"1,110,627",tCO₂eq,54.79,tCO2eq/억원,"16,625",TJ,0.82,TJ/억원,한국표준협회,"2,027,159,119,000"
875,환경부,태림페이퍼주식회사,경기도,2019,업체,제지,"207,009",tCO₂eq,84.74,tCO2eq/억원,"3,411",TJ,1.4,TJ/억원,이큐에이㈜,"244,286,517,055"
876,환경부,태백시 환경자원센터,강원도,2019,사업장,지정외 폐기물처리업 등,"17,984",tCO₂eq,-,-,138,TJ,-,-,한국표준협회,-
877,환경부,태봉광업 주식회사,서울특별시,2019,업체,시멘트,"290,566",tCO₂eq,868.33,tCO2eq/억원,762,TJ,2.28,TJ/억원,(주)비에스아이그룹코리아,"33,462,512,345"
878,산업통상자원부,태상,부산광역시,2019,사업장,철강,"15,148",tCO₂eq,-,-,294,TJ,-,-,(주)한국경영인증원,-
879,환경부,태양금속공업(주),경기도,2019,사업장,기계,"21,889",tCO₂eq,-,-,436,TJ,-,-,(주)한국경영인증원,-
880,환경부,태영세라믹(주),충청남도,2019,사업장,산업,"26,190",tCO₂eq,-,-,478,TJ,-,-,한국표준협회,-
881,산업통상자원부,태원물산(주) 울산공장,울산광역시,2019,사업장,유리 · 요업,"16,187",tCO₂eq,-,-,229,TJ,-,-,한국표준협회,-
882,국토교통부,태화상운(주),경기도,2019,사업장,교통(여객),"11,506",tCO₂eq,-,-,191,TJ,-,-,한국표준협회,-
23,국토교통부,(주)금성통운,-,2019,사업장,교통(화물),"8,936",tCO₂eq,-,-,126,TJ,-,-,한국표준협회,-
884,환경부,티케이케미칼,대구광역시,2019,업체,섬유,"204,865",tCO₂eq,33.44,tCO2eq/억원,"4,127",TJ,0.67,TJ/억원,이큐에이㈜,"612,702,078,000"
885,산업통상자원부,티피피 주식회사,경기도,2019,사업장,집단에너지,"4,556",tCO₂eq,-,-,91,TJ,-,-,대일이엔씨기술(주),-
886,국토교통부,파르나스호텔(주),서울특별시,2019,사업장,건물,"20,607",tCO₂eq,-,-,420,TJ,-,-,한국표준협회,-
887,환경부,파인트리포스마그네슘 주식회사,전라남도,2019,사업장,비철금속,"21,858",tCO₂eq,-,-,71,TJ,-,-,(재)한국품질재단,-
888,환경부,파주시,경기도,2019,업체,폐기물,"153,818",tCO₂eq,-,-,"1,273",TJ,-,-,㈜한국품질보증원,-
889,산업통상자원부,파주에너지서비스,경기도,2019,업체,발전에너지,"4,303,651",tCO₂eq,335,tCO2eq/억원,"85,807",TJ,6.68,TJ/억원,한국생산성본부인증원(주),"1,284,672,461,194"
890,환경부,파주전기초자 주식회사,경기도,2019,사업장,유리,"34,738",tCO₂eq,-,-,613,TJ,-,-,㈜디엔브이지엘비즈니스어슈어런스코리아,-
891,산업통상자원부,팔미금속공업(주),경상남도,2019,사업장,철강,"19,890",tCO₂eq,-,-,365,TJ,-,-,한국표준협회,-
892,환경부,페이퍼코리아,전라북도,2019,업체,제지,"80,003",tCO₂eq,35.07,tCO2eq/억원,"1,134",TJ,0.5,TJ/억원,한국표준협회,"228,103,790,000"
893,환경부,평택시,경기도,2019,사업장,폐기물,"80,016",tCO₂eq,-,-,776,TJ,-,-,(재)한국품질재단,-
894,환경부,평택에너지서비스(주),경기도,2019,업체,집단에너지,"1,521,222",tCO₂eq,290.04,tCO2eq/억원,"29,778",TJ,5.68,TJ/억원,㈜디엔브이지엘비즈니스어슈어런스코리아,"524,490,584,717"
895,환경부,평화산업(주),대구광역시,2019,사업장,자동차,"25,148",tCO₂eq,-,-,507,TJ,-,-,한국생산성본부인증원(주),-
896,환경부,포스코강판(주),경상북도,2019,사업장,철강,"127,770",tCO₂eq,-,-,"2,562",TJ,-,-,한국표준협회,-
897,환경부,포스코에너지(주),서울특별시,2019,업체,발전 · 에너지,"4,897,849",tCO₂eq,315.81,tCO2eq/억원,"97,054",TJ,6.26,TJ/억원,(재)한국품질재단,"1,550,862,292,276"
898,산업통상자원부,포천민자발전 주식회사,경기도,2019,업체,발전에너지,"1,482,850",tCO₂eq,314.83,tCO2eq/억원,"29,405",TJ,6.24,TJ/억원,㈜디엔브이지엘비즈니스어슈어런스코리아,"471,006,171,866"
899,환경부,포천파워(주),경기도,2019,업체,발전 · 에너지,"1,067,787",tCO₂eq,264.65,tCO2eq/억원,"21,257",TJ,5.27,TJ/억원,(재)한국품질재단,"403,466,454,663"
900,환경부,포항시,경상북도,2019,업체,지정외 폐기물처리업,"169,659",tCO₂eq,-,-,"2,451",TJ,-,-,㈜한국품질보증원,-
901,환경부,폴리미래(주),서울,2019,사업장,석유화학,"124,085",tCO₂eq,-,-,"2,289",TJ,-,-,이큐에이㈜,-
902,환경부,풍국주정공업(주),대구광역시,2019,사업장,음식료품,"10,193",tCO₂eq,-,-,484,TJ,-,-,한국표준협회,-
75,환경부,(주)삼동 문경공장,충청북도,2019,사업장,전기전자,"41,299",tCO₂eq,-,-,843,TJ,-,-,한국표준협회,-
904,환경부,하나마이크론,충청남도,2019,사업장,반도체,"30,126",tCO₂eq,-,-,616,TJ,-,-,(주)한국경영인증원,-
341,환경부,대림자동차공업(주),경상남도,2019,사업장,자동차,"42,098",tCO₂eq,-,-,849,TJ,-,-,(주)한국경영인증원,-
906,환경부,하이트진로(주),서울특별시,2019,업체,음식료품,"142,910",tCO₂eq,7.81,tCO2eq/억원,"2,683",TJ,0.15,TJ/억원,(재)한국품질재단,"1,830,147,019,000"
907,환경부,하이트진로산업(주),경기,2019,사업장,유리,"27,534",tCO₂eq,-,-,409,TJ,-,-,이큐에이㈜,-
908,환경부,하이호경금속 주식회사,전라북도,2019,사업장,비철금속,"48,573",tCO₂eq,-,-,799,TJ,-,-,㈜한국품질보증원,-
909,국토교통부,학교법인 경희학원,서울특별시,2019,업체,건물,"61,385",tCO₂eq,-,-,"1,247",TJ,-,-,한국표준협회,-
910,환경부,학교법인 고려중앙학원,서울특별시,2019,사업장,건물,"97,789",tCO₂eq,-,-,"1,983",TJ,-,-,㈜한국품질보증원,-
911,환경부,학교법인 성균관대학,서울특별시,2019,사업장,건물,"39,398",tCO₂eq,-,-,795,TJ,-,-,이큐에이㈜,-
912,환경부,학교법인 연세대학교,서울특별시,2019,업체,건물,"173,213",tCO₂eq,35.38,tCO2eq/억원,"3,522",TJ,0.72,TJ/억원,(재)한국품질재단,"489,575,424,000"
913,환경부,학교법인 포항공과대학교,경상북도,2019,사업장,건물,"78,104",tCO₂eq,-,-,"1,735",TJ,-,-,㈜한국품질보증원,-
914,환경부,학교법인 한양학원,서울특별시,2019,사업장,건물,"76,882",tCO₂eq,-,-,"1,554",TJ,-,-,이큐에이㈜,-
915,산업통상자원부,한국NSK(주),경상남도,2019,사업장,기계,"21,741",tCO₂eq,-,-,447,TJ,-,-,한국표준협회,-
916,환경부,한국가스공사,대구광역시,2019,업체,발전 · 에너지,"667,148",tCO₂eq,2.79,tCO2eq/억원,"12,768",TJ,0.05,TJ/억원,(재)한국품질재단,"23,903,847,012,000"
917,환경부,한국경남태양유전(주),경상남도,2019,사업장,전기전자,"73,827",tCO₂eq,-,-,"1,438",TJ,-,-,이큐에이㈜,-
918,환경부,한국공항공사,서울특별시,2019,사업장,건물,"39,151",tCO₂eq,-,-,794,TJ,-,-,(재)한국품질재단,-
919,국토교통부,한국과학기술연구원,서울특별시,2019,사업장,건물,"17,467",tCO₂eq,-,-,356,TJ,-,-,㈜한국품질보증원,-
920,환경부,한국과학기술원,대전광역시,2019,사업장,건물,"76,505",tCO₂eq,-,-,"1,534",TJ,-,-,이큐에이㈜,-
921,국토교통부,한국과학기술정보연구원,대전광역시,2019,사업장,건물,"20,459",tCO₂eq,-,-,420,TJ,-,-,(주)신화엔지니어링종합건축사사무소,-
922,산업통상자원부,한국기초소재(주),인천광역시,2019,사업장,시멘트,"18,332",tCO₂eq,-,-,370,TJ,-,-,한국표준협회,-
923,환경부,한국남동발전,경남,2019,업체,발전 · 에너지,"53,399,748",tCO₂eq,985.15,tCO2eq/억원,"601,592",TJ,11.1,TJ/억원,대일이엔씨기술(주),"5,420,488,000,000"
924,환경부,한국남부발전 주식회사,부산광역시,2019,업체,발전 · 에너지,"36,670,122",tCO₂eq,674.17,tCO2eq/억원,"451,102",TJ,8.29,TJ/억원,한국표준협회,"5,439,314,000,000"
925,환경부,한국넥슬렌유한회사,울산광역시,2019,사업장,산업,"110,207",tCO₂eq,-,-,"2,234",TJ,-,-,한국표준협회,-
926,환경부,한국니토옵티칼(주),경기도,2019,사업장,석유화학,"32,328",tCO₂eq,-,-,599,TJ,-,-,㈜디엔브이지엘비즈니스어슈어런스코리아,-
927,환경부,한국도로공사,경상북도,2019,업체,건물,"276,218",tCO₂eq,3.17,tCO2eq/억원,"5,489",TJ,0.06,TJ/억원,한국표준협회,"8,721,882,000,000"
928,환경부,한국동서발전 주식회사,울산광역시,2019,업체,발전 · 에너지,"39,001,786",tCO₂eq,796.6,tCO2eq/억원,"468,971",TJ,9.58,TJ/억원,이큐에이㈜,"4,896,033,000,000"
929,국토교통부,한국마사회,경기도,2019,사업장,건물,"15,274",tCO₂eq,-,-,299,TJ,-,-,한국표준협회,-
930,환경부,한국바스프 주식회사,전라남도,2019,업체,석유화학,"642,805",tCO₂eq,39.22,tCO2eq/억원,"9,251",TJ,0.56,TJ/억원,(재)한국품질재단,"1,638,972,124,823"
931,국토교통부,한국방송공사,서울특별시,2019,사업장,건물,"17,961",tCO₂eq,-,-,370,TJ,-,-,(주)한국경영인증원,-
932,환경부,한국서부발전,충남,2019,업체,발전 · 에너지,"34,673,737",tCO₂eq,775.95,tCO2eq/억원,"415,196",TJ,9.29,TJ/억원,(주)신화엔지니어링종합건축사사무소,"4,468,579,000,000"
933,산업통상자원부,한국세큐리트(주) 군산공장,전라북도,2019,사업장,유리 · 요업,"20,604",tCO₂eq,-,-,422,TJ,-,-,이큐에이㈜,-
934,산업통상자원부,한국세큐리트(주) 익산공장,전라북도,2019,사업장,유리 · 요업,"20,679",tCO₂eq,-,-,424,TJ,-,-,이큐에이㈜,-
935,환경부,한국수력원자력,경상북도,2019,업체,발전 · 에너지,"3,112,732",tCO₂eq,34.65,tCO2eq/억원,"62,829",TJ,0.7,TJ/억원,한국표준협회,"8,982,627,000,000"
936,환경부,한국수자원공사,대전광역시,2019,업체,수도,"727,449",tCO₂eq,24.48,tCO2eq/억원,"14,927",TJ,0.5,TJ/억원,지속가능인증원주식회사,"2,971,690,000,000"
937,환경부,한국수출포장공업(주),서울특별시,2019,사업장,제지,"129,619",tCO₂eq,-,-,"1,969",TJ,-,-,(재)한국품질재단,-
938,환경부,한국실리콘 주식회사,서울특별시,2019,업체,석유화학,"6,027",tCO₂eq,108.82,tCO2eq/억원,123,TJ,2.22,TJ/억원,한국표준협회,"5,538,330,362"
939,산업통상자원부,한국쓰리엠하이테크 유한회사,서울특별시,2019,사업장,석유화학,"25,806",tCO₂eq,-,-,523,TJ,-,-,한국표준협회,-
940,환경부,한국씨엔티(주),광주광역시,2019,사업장,시멘트,"50,513",tCO₂eq,-,-,958,TJ,-,-,이큐에이㈜,-
941,환경부,한국알콜산업(주),울산,2019,사업장,석유화학,"13,405",tCO₂eq,-,-,"1,323",TJ,-,-,한국생산성본부인증원(주),-
942,환경부,한국엔지니어링플라스틱,서울특별시,2019,업체,석유화학,"161,923",tCO₂eq,49.9,tCO2eq/억원,"2,951",TJ,0.91,TJ/억원,(재)한국품질재단,"324,492,236,287"
943,환경부,한국오웬스코닝(주),경상북도,2019,사업장,유리,"81,301",tCO₂eq,-,-,"1,559",TJ,-,-,대일이엔씨기술(주),-
944,국토교통부,한국원자력연구원,대전광역시,2019,사업장,건물,"19,408",tCO₂eq,-,-,396,TJ,-,-,한국표준협회,-
945,환경부,한국유리공업 주식회사,서울특별시,2019,업체,유리,"264,272",tCO₂eq,"2,286.60",tCO2eq/억원,"3,637",TJ,31.47,TJ/억원,이큐에이㈜,"11,557,429,574"
946,환경부,한국유미코아 유한책임회사,충남,2019,사업장,전기전자,"33,987",tCO₂eq,-,-,657,TJ,-,-,(재)한국품질재단,-
947,산업통상자원부,한국유미코아신소재(유),충청남도,2019,사업장,반도체.디스플레이.전기전자,"96,243",tCO₂eq,-,-,"1,832",TJ,-,-,(재)한국품질재단,-
948,환경부,한국유에스지보랄 주식회사,전라남도,2019,업체,시멘트,"133,022",tCO₂eq,54.48,tCO2eq/억원,"2,639",TJ,1.08,TJ/억원,(재)한국품질재단,"244,169,658,937"
949,환경부,한국이네오스스티롤루션 주식회사,울산광역시,2019,사업장,석유화학,"83,291",tCO₂eq,-,-,"1,768",TJ,-,-,(재)한국품질재단,-
950,환경부,한국전력공사,전라남도,2019,업체,발전 · 에너지,"1,101,428",tCO₂eq,1.87,tCO2eq/억원,"6,936",TJ,0.01,TJ/억원,(주)한국경영인증원,"58,933,180,000,000"
951,국토교통부,한국전자통신연구원,대전광역시,2019,사업장,건물,"18,105",tCO₂eq,-,-,370,TJ,-,-,(주)신화엔지니어링종합건축사사무소,-
952,환경부,한국제강 주식회사,경상남도,2019,업체,철강,"252,490",tCO₂eq,53.81,tCO2eq/억원,"4,380",TJ,0.93,TJ/억원,한국표준협회,"469,245,533,000"
953,산업통상자원부,한국제이씨씨(주),충청북도,2019,사업장,반도체.디스플레이.전기전자,"10,990",tCO₂eq,-,-,225,TJ,-,-,한국표준협회,-
954,환경부,한국제지 주식회사,서울특별시,2019,업체,제지,"201,718",tCO₂eq,35.85,tCO2eq/억원,"5,483",TJ,0.97,TJ/억원,(재)한국품질재단,"562,726,994,435"
955,환경부,한국조선해양(주),울산광역시,2019,업체,산업,"7,647",tCO₂eq,0.23,tCO2eq/억원,151,TJ,0,TJ/억원,한국표준협회,"3,356,828,769,000"
956,환경부,한국주철관공업(주),부산광역시,2019,사업장,철강,"75,777",tCO₂eq,-,-,"1,016",TJ,-,-,한국표준협회,-
957,환경부,한국중부발전,충청남도,2019,업체,발전 · 에너지,"34,269,302",tCO₂eq,753.6,tCO2eq/억원,"410,230",TJ,9.02,TJ/억원,로이드인증원㈜,"4,547,414,000,000"
958,환경부,한국지엠 주식회사,인천광역시,2019,업체,자동차,"231,996",tCO₂eq,2.74,tCO2eq/억원,"4,677",TJ,0.06,TJ/억원,한국표준협회,"8,453,784,000,000"
959,환경부,한국지역난방공사,경기도,2019,업체,집단에너지,"5,635,192",tCO₂eq,237.98,tCO2eq/억원,"110,824",TJ,4.68,TJ/억원,대일이엔씨기술(주),"2,367,906,000,000"
960,환경부,한국철강,경상남도,2019,업체,철강,"399,219",tCO₂eq,55.52,tCO2eq/억원,"7,402",TJ,1.03,TJ/억원,㈜한국품질보증원,"719,102,311,000"
961,국토교통부,한국철도공사,대전광역시,2019,업체,교통(철도),"1,604,502",tCO₂eq,25.06,tCO2eq/억원,"30,562",TJ,0.48,TJ/억원,(재)한국화학융합시험연구원,"6,401,396,000,000"
962,환경부,한국타이어앤테크놀로지(주),서울특별시,2019,업체,석유화학,"490,048",tCO₂eq,15.44,tCO2eq/억원,"10,059",TJ,0.32,TJ/억원,(재)한국품질재단,"3,173,056,806,000"
963,환경부,한국토지주택공사,경상남도,2019,사업장,집단에너지,"201,215",tCO₂eq,-,-,"3,956",TJ,-,-,㈜디엔브이지엘비즈니스어슈어런스코리아,-
964,국토교통부,한국통운(주),서울특별시,2019,사업장,교통(화물),"29,585",tCO₂eq,-,-,421,TJ,-,-,(재)한국품질재단,-
965,환경부,한국특수형강(주),부산광역시,2019,업체,철강,"222,080",tCO₂eq,56.8,tCO2eq/억원,"3,896",TJ,1,TJ/억원,이큐에이㈜,"390,966,862,030"
966,국토교통부,한국표준과학연구원,대전광역시,2019,사업장,건물,"20,115",tCO₂eq,-,-,409,TJ,-,-,(주)신화엔지니어링종합건축사사무소,-
967,산업통상자원부,한국프랜지공업(주) 제2공장,울산광역시,2019,사업장,철강,"17,244",tCO₂eq,-,-,353,TJ,-,-,한국표준협회,-
968,환경부,한국항공우주산업(주),경상남도,2019,사업장,기계,"48,354",tCO₂eq,-,-,966,TJ,-,-,(주)신화엔지니어링종합건축사사무소,-
969,산업통상자원부,한라스택폴(주),충청북도,2019,사업장,자동차,"17,773",tCO₂eq,-,-,347,TJ,-,-,한국표준협회,-
970,환경부,한라시멘트주식회사,강원도,2019,업체,시멘트,"4,976,101",tCO₂eq,"1,110.89",tCO2eq/억원,"27,256",TJ,6.08,TJ/억원,한국표준협회,"447,936,302,162"
971,국토교통부,한무쇼핑(주),서울특별시,2019,업체,건물,"61,766",tCO₂eq,11.23,tCO2eq/억원,"1,280",TJ,0.23,TJ/억원,한국표준협회,"549,849,820,665"
972,산업통상자원부,한미약품(주),경기도,2019,사업장,석유화학,"28,427",tCO₂eq,-,-,577,TJ,-,-,이큐에이㈜,-
973,산업통상자원부,한미정밀화학(주),경기도,2019,사업장,석유화학,"15,984",tCO₂eq,-,-,360,TJ,-,-,이큐에이㈜,-
974,국토교통부,한성운수(주),서울특별시,2019,사업장,교통(여객),"16,924",tCO₂eq,-,-,320,TJ,-,-,산림조합중앙회,-
975,국토교통부,한솔개발(주),강원도,2019,사업장,건물,"15,523",tCO₂eq,-,-,310,TJ,-,-,한국표준협회,-
976,환경부,한솔제지,서울특별시,2019,업체,제지,"952,466",tCO₂eq,58.08,tCO2eq/억원,"16,191",TJ,0.99,TJ/억원,(주)한국경영인증원,"1,640,023,158,000"
977,환경부,한솔테크닉스(주),충북,2019,사업장,전기전자,"13,643",tCO₂eq,-,-,280,TJ,-,-,한국표준협회,-
978,환경부,한솔페이퍼텍주식회사,전라남도,2019,사업장,제지,"101,776",tCO₂eq,-,-,"1,092",TJ,-,-,(주)한국경영인증원,-
979,산업통상자원부,한영선재(주),충청북도,2019,사업장,철강,"16,873",tCO₂eq,-,-,337,TJ,-,-,한국표준협회,-
980,환경부,한온시스템 주식회사,대전광역시,2019,사업장,자동차,"61,379",tCO₂eq,-,-,"1,273",TJ,-,-,(재)한국품질재단,-
981,산업통상자원부,한융금속(주),울산광역시,2019,사업장,비철금속,"20,568",tCO₂eq,-,-,323,TJ,-,-,산림조합중앙회,-
982,환경부,한일시멘트 주식회사,서울특별시,2019,업체,산업,"4,381,568",tCO₂eq,463.07,tCO2eq/억원,"27,840",TJ,2.94,TJ/억원,한국표준협회,"946,190,602,000"
983,환경부,한일제관(주),경상남도,2019,사업장,기계,"71,704",tCO₂eq,-,-,"1,435",TJ,-,-,(재)한국품질재단,-
984,산업통상자원부,한일캔 주식회사,충청남도,2019,사업장,기계,"17,221",tCO₂eq,-,-,350,TJ,-,-,(재)한국품질재단,-
985,환경부,한일현대시멘트 주식회사,서울특별시,2019,업체,시멘트,"3,891,857",tCO₂eq,"1,013.21",tCO2eq/억원,"22,991",TJ,5.99,TJ/억원,한국표준협회,"384,112,775,000"
986,산업통상자원부,한일화학공업(주),경기도,2019,사업장,석유화학,"15,025",tCO₂eq,-,-,296,TJ,-,-,(재)한국화학융합시험연구원,-
987,산업통상자원부,한주금속(주),울산광역시,2019,사업장,자동차,"14,635",tCO₂eq,-,-,295,TJ,-,-,(재)한국품질재단,-
988,산업통상자원부,한진중공업(주),부산광역시,2019,사업장,조선,"12,398",tCO₂eq,-,-,228,TJ,-,-,한국표준협회,-
989,환경부,한화에너지주식회사,세종특별자치시,2019,업체,산업단지,"4,683,585",tCO₂eq,841.78,tCO2eq/억원,"55,314",TJ,9.94,TJ/억원,한국표준협회,"556,391,431,312"
990,산업통상자원부,한화에어로스페이스(주),경상남도,2019,사업장,기계,"25,802",tCO₂eq,-,-,519,TJ,-,-,(주)비에스아이그룹코리아,-
991,환경부,한화종합화학 주식회사,울산광역시,2019,업체,석유화학,"455,267",tCO₂eq,27.82,tCO2eq/억원,"7,766",TJ,0.47,TJ/억원,㈜디엔브이지엘비즈니스어슈어런스코리아,"1,636,209,731,071"
480,환경부,삼광글라스㈜,서울특별시,2019,업체,유리,"166,978",tCO₂eq,61.03,tCO2eq/억원,"2,959",TJ,1.08,TJ/억원,(재)한국품질재단,"273,589,905,227"
993,환경부,한화토탈 주식회사,충청남도,2019,업체,석유화학,"4,247,696",tCO₂eq,43.18,tCO2eq/억원,"94,845",TJ,0.96,TJ/억원,한국가스안전공사,"9,837,450,679,234"
994,국토교통부,한화호텔앤드리조트(주),서울특별시,2019,업체,건물,"74,827",tCO₂eq,12.1,tCO2eq/억원,"1,432",TJ,0.23,TJ/억원,한국표준협회,"618,248,125,992"
995,환경부,한황산업주식회사,경상남도,2019,사업장,자동차,"29,920",tCO₂eq,-,-,555,TJ,-,-,㈜한국품질보증원,-
996,환경부,해성디에스 주식회사,경상남도,2019,사업장,반도체,"48,140",tCO₂eq,-,-,"1,066",TJ,-,-,(주)비에스아이그룹코리아,-
997,농림축산식품부,해태에이치티비(주) 천안공장,충청남도,2019,사업장,음료제조업,"24,537",tCO₂eq,-,-,452,TJ,-,-,(재)한국품질재단,-
998,환경부,핸즈식스주식회사,경기도,2019,사업장,자동차,"75,866",tCO₂eq,-,-,"1,535",TJ,-,-,이큐에이㈜,-
999,환경부,핸즈코퍼레이션주식회사,인천광역시,2019,사업장,자동차,"99,878",tCO₂eq,-,-,"2,011",TJ,-,-,(재)한국품질재단,-
1000,국토교통부,현대건설(주),서울특별시,2019,업체,건설,"73,624",tCO₂eq,0.74,tCO2eq/억원,"1,445",TJ,0.01,TJ/억원,(재)한국품질재단,"10,014,658,000,000"
1001,환경부,현대건설기계(주),서울특별시,2019,사업장,산업,"15,579",tCO₂eq,-,-,282,TJ,-,-,㈜디엔브이지엘비즈니스어슈어런스코리아,-
1002,환경부,현대그린파워 주식회사,충청남도,2019,업체,발전 · 에너지,"10,835,566",tCO₂eq,"2,134.44",tCO2eq/억원,"50,907",TJ,10.03,TJ/억원,(주)한국경영인증원,"507,653,224,109"
1003,국토교통부,현대글로비스(주),서울특별시,2019,업체,교통(화물),"77,723",tCO₂eq,0.54,tCO2eq/억원,"1,161",TJ,0.01,TJ/억원,한국표준협회,"14,474,535,954,000"
1004,산업통상자원부,현대로템 주식회사 창원공장,경상남도,2019,사업장,기계,"20,308",tCO₂eq,-,-,405,TJ,-,-,(주)한국경영인증원,-
1005,산업통상자원부,현대모비스(주),서울특별시,2019,업체,자동차,"155,945",tCO₂eq,0.69,tCO2eq/억원,"3,163",TJ,0.01,TJ/억원,로이드인증원㈜,"22,624,741,000,000"
1006,환경부,현대미포조선,울산광역시,2019,업체,조선,"155,864",tCO₂eq,5.2,tCO2eq/억원,"2,842",TJ,0.09,TJ/억원,한국표준협회,"2,999,488,385,000"
1007,환경부,현대비앤지스틸(주),경상남도,2019,사업장,철강,"74,737",tCO₂eq,-,-,"1,518",TJ,-,-,㈜디엔브이지엘비즈니스어슈어런스코리아,-
1008,환경부,현대삼호중공업 주식회사,전라남도,2019,업체,조선,"240,687",tCO₂eq,6.9,tCO2eq/억원,"4,059",TJ,0.12,TJ/억원,㈜디엔브이지엘비즈니스어슈어런스코리아,"3,488,273,446,000"
1009,환경부,현대석회(주),충청북도,2019,사업장,시멘트,"104,420",tCO₂eq,-,-,279,TJ,-,-,한국생산성본부인증원(주),-
1010,환경부,현대성우쏠라이트 주식회사,서울특별시,2019,사업장,전기전자,"38,632",tCO₂eq,-,-,787,TJ,-,-,한국표준협회,-
1011,환경부,현대성우캐스팅 주식회사,서울특별시,2019,사업장,철강,"201,678",tCO₂eq,-,-,"3,885",TJ,-,-,(재)한국품질재단,-
497,환경부,삼양식품(주) 원주공장,서울특별시,2019,사업장,산업,"35,203",tCO₂eq,-,-,695,TJ,-,-,(주)비에스아이그룹코리아,-
1013,환경부,현대에너지솔루션(주),경기도,2019,사업장,산업,"39,075",tCO₂eq,-,-,763,TJ,-,-,한국표준협회,-
1014,환경부,현대오일뱅크,충청남도,2019,업체,정유,"7,125,337",tCO₂eq,37.41,tCO2eq/억원,"76,752",TJ,0.4,TJ/억원,(재)한국품질재단,"19,046,174,815,000"
1015,산업통상자원부,현대오토에버주식회사,경기도,2019,사업장,통신,"23,743",tCO₂eq,-,-,488,TJ,-,-,대일이엔씨기술(주),-
1016,환경부,현대위아 주식회사,경상남도,2019,업체,자동차,"201,138",tCO₂eq,3.11,tCO2eq/억원,"3,987",TJ,0.06,TJ/억원,㈜디엔브이지엘비즈니스어슈어런스코리아,"6,462,161,000,000"
1017,환경부,현대일렉트릭앤에너지시스템(주),서울특별시,2019,사업장,산업,"34,582",tCO₂eq,-,-,698,TJ,-,-,㈜디엔브이지엘비즈니스어슈어런스코리아,-
1018,환경부,현대자동차 주식회사,서울특별시,2019,업체,자동차,"1,581,941",tCO₂eq,3.22,tCO2eq/억원,"32,178",TJ,0.07,TJ/억원,로이드인증원㈜,"49,155,693,000,000"
1019,환경부,현대제철 주식회사,인천광역시,2019,업체,철강,"22,245,165",tCO₂eq,123.08,tCO2eq/억원,"134,384",TJ,0.74,TJ/억원,로이드인증원㈜,"18,073,859,360,000"
1020,산업통상자원부,현대종합금속(주),경상북도,2019,사업장,기계,"22,534",tCO₂eq,-,-,452,TJ,-,-,로이드인증원㈜,-
1021,환경부,현대종합특수강 주식회사,서울특별시,2019,사업장,철강,"43,009",tCO₂eq,-,-,842,TJ,-,-,한국표준협회,-
1022,환경부,현대중공업주식회사,울산광역시,2019,업체,산업,"509,780",tCO₂eq,9.34,tCO2eq/억원,"8,795",TJ,0.16,TJ/억원,한국표준협회,"5,456,667,592,000"
1023,산업통상자원부,현대케미칼주식회사,충청남도,2019,업체,정유,"938,783",tCO₂eq,25.69,tCO2eq/억원,"17,024",TJ,0.47,TJ/억원,(재)한국품질재단,"3,653,908,635,000"
1024,환경부,현대트랜시스 주식회사,충청남도,2019,업체,자동차,"187,504",tCO₂eq,3.11,tCO2eq/억원,"3,826",TJ,0.06,TJ/억원,㈜디엔브이지엘비즈니스어슈어런스코리아,"6,030,828,000,000"
1025,산업통상자원부,현우산업,인천광역시,2019,사업장,반도체.디스플레이.전기전자,"18,291",tCO₂eq,-,-,376,TJ,-,-,한국표준협회,-
1026,환경부,현진소재(주),부산광역시,2019,사업장,기계,"36,306",tCO₂eq,-,-,713,TJ,-,-,(주)한국경영인증원,-
1027,산업통상자원부,호스트웨이아이디씨(주),경기도,2019,사업장,통신,"15,542",tCO₂eq,-,-,320,TJ,-,-,한국표준협회,-
1028,환경부,홈플러스 주식회사,서울특별시,2019,업체,건물,"446,829",tCO₂eq,6.97,tCO2eq/억원,"8,981",TJ,0.14,TJ/억원,로이드인증원㈜,"6,410,100,354,000"
1029,환경부,홍덕산업(주),경상북도,2019,사업장,철강,"85,665",tCO₂eq,-,-,"11,005",TJ,-,-,한국생산성본부인증원(주),-
1030,환경부,홍원제지(주),서울특별시,2019,업체,제지,"112,627",tCO₂eq,76.99,tCO2eq/억원,"1,664",TJ,1.14,TJ/억원,한국표준협회,"146,283,882,730"
1031,환경부,화성시,경기도,2019,사업장,폐기물,"122,752",tCO₂eq,-,-,949,TJ,-,-,㈜한국품질보증원,-
1032,국토교통부,화영운수(주),경기도,2019,사업장,교통(여객),"24,074",tCO₂eq,-,-,343,TJ,-,-,한국표준협회,-
1033,환경부,화인베스틸,경상남도,2019,사업장,철강,"23,765",tCO₂eq,-,-,433,TJ,-,-,한국표준협회,-
1034,환경부,환영철강공업,충청남도,2019,업체,철강,"290,427",tCO₂eq,54.86,tCO2eq/억원,"5,294",TJ,1,TJ/억원,㈜한국품질보증원,"529,390,209,359"
1035,환경부,효성중공업 주식회사,서울특별시,2019,사업장,산업,"51,603",tCO₂eq,-,-,"1,086",TJ,-,-,(재)한국품질재단,-
1036,환경부,효성첨단소재 주식회사,서울특별시,2019,업체,산업,"209,569",tCO₂eq,19.62,tCO2eq/억원,"4,317",TJ,0.4,TJ/억원,(재)한국품질재단,"1,068,272,762,000"
1037,환경부,효성티앤씨 주식회사,서울특별시,2019,업체,산업,"380,722",tCO₂eq,10.18,tCO2eq/억원,"8,675",TJ,0.23,TJ/억원,(재)한국품질재단,"3,739,477,556,000"
1038,환경부,효성화학 주식회사,서울특별시,2019,업체,산업,"849,023",tCO₂eq,46.83,tCO2eq/억원,"17,547",TJ,0.97,TJ/억원,(재)한국품질재단,"1,813,137,242,000"
1039,국토교통부,휘닉스중앙평창(주),서울특별시,2019,사업장,건물,"23,041",tCO₂eq,-,-,453,TJ,-,-,(주)한국경영인증원,-
1040,환경부,휴비스,서울특별시,2019,업체,섬유,"468,850",tCO₂eq,55.46,tCO2eq/억원,"7,094",TJ,0.84,TJ/억원,한국표준협회,"845,377,168,000"
1041,환경부,휴켐스 주식회사,서울특별시,2019,사업장,석유화학,"135,302",tCO₂eq,-,-,"1,204",TJ,-,-,㈜한국품질보증원,-
1042,산업통상자원부,희성촉매(주),경기도,2019,사업장,석유화학,"20,470",tCO₂eq,-,-,410,TJ,-,-,한국표준협회,-
